:06000000000024EF99F05E
:080008000000000000000000F0
:100010000000000000000000046ED8CF05F0E0CF23
:1000200006F00001E9CF0CF0EACF07F0E1CF08F0CD
:10003000E2CF09F0D9CF0AF0DACF0BF0F3CF12F00C
:10004000F4CF13F0FACF14F0F5CF15F0F6CF16F089
:10005000F7CF17F0F8CF18F0FBCF19F000C00EF073
:1000600001C00FF002C010F003C011F0F2AA3CEF83
:1000700000F0F2B4A7EF00F09DA042EF00F09EB0B8
:10008000EBEF00F061AA48EF00F0A6BA20EF01F014
:100090000EC000F00FC001F010C002F011C003F05C
:1000A0000CC0E9FF07C0EAFF078E08C0E1FF09C0E6
:1000B000E2FF0AC0D9FF0BC0DAFF12C0F3FF13C082
:1000C000F4FF14C0FAFF15C0F5FF16C0F6FF17C005
:1000D000F7FF18C0F8FF19C0FBFF045006C0E0FF8F
:1000E00005C0D8FF1000F76AFA0FF66E000EF7226F
:1000F000000EF86E0900F550120000000000FF0F1E
:1001000000000010000000000100FF0F14000000BC
:10011000140000101400FF0F28000000140000104D
:100120002800FF0F320000000A0000103200FF0F0D
:1001300072000000400000107200FF0F7C00000001
:100140000A0000107C00FF0FBC0000004000D76ACE
:10015000D66A0000040E01017E27000E7F23000EE8
:100160008023000E81238151FE08D8A003D0000116
:10017000E8EF00F00001FF0AD8A4E2EF00F001016F
:100180008051FE08D8A003D00001E8EF00F0000184
:10019000FF0AD8A4E2EF00F001017F51FE08D8A0C9
:1001A00003D00001E8EF00F00001FF0AD8A4E2EF5D
:1001B00000F001017E51F908D8A003D00001E8EF5A
:1001C00000F000010101816B806B7F6B7E6B000191
:1001D000F29448EF00F0800ECF6ECE6A0000010E60
:1001E00001018227D8B0832BD8B4842BD8B4852BB7
:1001F00000019E9048EF00F054696D657220496ED1
:10020000697469616C697A650D0A000009436F6D54
:10021000706C6574650D0A00A6AA0CEF01F00F0161
:100220002F511B6E00010F012A51016E1BB203D02A
:1002300000011DEF01F02F992F8900013BEF01F024
:1002400022EF01F027EF01F04BA041EF01F04A50FF
:100250001F08D8A041EF01F04A504A2A1F0B036A39
:100260002A0FE96E000E0320EA6EEACF2EFBE9CFDB
:100270002DFB0CEF01F02ECBEAFF2DCBE9FF015057
:10028000EF6EA69A48EF00F05541525420496E692E
:100290007469616C697A650D0A0009436F6D706C51
:1002A0006574650D0A0041443734393020496E6960
:1002B0007469616C697A650D0A0009436F6E6E6539
:1002C0006374206572726F72210D0A0009436F6EAC
:1002D0006E656374207375636365737366756C0D07
:1002E0000A0009436F6D706C6574650D0A004D431B
:1002F000503439303120496E697469616C697A65AE
:100300000D0A0000095B44414320506F7274203194
:100310005D20436F6E6E656374206572726F72212B
:100320000D0A0000095B44414320506F7274203174
:100330005D20436F6E6E65637420737563636573D0
:100340007366756C0D0A0000095B44414320506FD1
:10035000727420325D20436F6E6E65637420657227
:10036000726F72210D0A0000095B44414320506FF7
:10037000727420325D20436F6E6E656374207375F6
:10038000636365737366756C0D0A000009436F6DD6
:10039000706C6574650D0A00456E71756575652034
:1003A000466C617368204F7065726174696F6E0D81
:1003B0000A00466C61736820717565756520697304
:1003C0002066756C6C2121210D0A0000466C61735A
:1003D0006820717565756520697320656D70747925
:1003E0000D0A00000D0A5374617274206D616B6513
:1003F0005F726563656976655F636F6D6D616E647D
:100400000D0A0000095B424F53535D203E3E3E20E3
:100410000000456E64206D616B655F72656369768F
:10042000655F636F6D6D616E640D0A0D0A0073691F
:10043000676E616C20656E6420776974682053462E
:10044000440D0A00646F6E27742066696E64205341
:1004500046440D0A0000092D3E20496E76616C6904
:1004600064204672616D6520494420726563656948
:100470007665643A2025580D0A00092D3E20435226
:1004800043206572726F72210D0A000009092D3E2A
:10049000207265636569766564204352433A20257E
:1004A000580D0A000909202020636F6C6C65637485
:1004B00020435243203A2025580D0A00092D3E20A2
:1004C000496E76616C69642064657669636520496C
:1004D000442072656365697665640D0A0000090948
:1004E0002D3E2072656365697665643A2020202080
:1004F0002025580D0A0009092020204D7920646527
:10050000766963652049443A2025580D0A00095B45
:10051000424F53535D203C3C3C20000053746172B9
:100520007420534D46207573696E6720726571653E
:100530007374207365617175656E63650D0A0000E3
:100540004572726F722120526563656976696E67C4
:1005500020636F6D6D616E6420696E636F6E736989
:100560007374656E7420776974682074686520649C
:10057000657369676E0D0A00534D462075736520DB
:100580007265717565737420616C6C6F7765640D4D
:100590000A00534D46207573652072657175657349
:1005A000742064656E7965640D0A0000526574728A
:1005B00079207265717565737420746F20424F5392
:1005C00053205049430D0A004572726F7221205228
:1005D0006563656976696E6720636F6D6D616E64D2
:1005E00020696E636F6E73697374656E74207769CA
:1005F0007468207468652064657369676E0D0A000D
:10060000456E6420534D46207573696E6720726590
:1006100071657374207365617175656E63650D0A2C
:10062000000074656D705F746F703A2530344C58FB
:100630000D0A000074656D705F626F743A25303486
:100640004C580D0A000074656D705F6D6973373A20
:100650002530344C580D0A0070643A2530344C581B
:100660000D0A0000566F6C74312C43757272312C78
:10067000566F6C74322C43757272320D0A00504FF3
:10068000525425750D0A0000504F5254312C20252C
:10069000750D0A00504F5254322C2025750D0A005A
:1006A0005B5049434C4F475D203A2000534D462054
:1006B00044617461205461626C6520496E6974699B
:1006C000616C697A650D0A00435243204552524FCE
:1006D000522025640D0A000043524320766572695A
:1006E0006669636174696F6E206661696C65642018
:1006F000616674657220256420617474656D707420
:10070000730D0A004572726F723A2043524320768D
:100710006572696669636174696F6E206661696C90
:100720006564206166746572202564206174746557
:100730006D7074730D0A00000D0A5B534D46204323
:100740006F756E746572205374617475735D0D0AF4
:10075000000009504152544954494F4E09555345E0
:10076000440909524553455256450D0A0000092DCA
:100770002D2D2D2D2D2D2D2D092D2D2D2D2D2D2DCD
:100780002D2D2D092D2D2D2D2D2D2D2D2D2D0D0A00
:100790000000095049434C4F47090930782530384B
:1007A0004C580930782530384C580D0A000009455E
:1007B0004E5649524F090930782530384C58093087
:1007C000782530384C580D0A0000094956315F48E9
:1007D00045414445520930782530384C5809307825
:1007E0002530384C580D0A00094956315F444154B0
:1007F000410930782530384C580930782530384C4C
:10080000580D0A00094956325F484541444552098E
:1008100030782530384C580930782530384C580D10
:100820000A00094956325F44415441093078253065
:10083000384C580930782530384C580D0A00093D9D
:100840003D3D3D3D3D3D3D3D3D3D3D3D3D3D3D3DD8
:100850003D3D3D3D3D3D3D3D3D3D3D3D3D3D3D3DC8
:100860003D3D3D3D3D3D3D3D3D0D0A0D0A000D0A1E
:100870005F5F5F5F5F5F5F5F5F5F5F5F5F5F5F5F88
:100880005F5F5F5F5F5F5F5F5F5F5F5F5F5F5F0DCA
:100890000A005F5F5F5F5F5F5F5F5F5374617274E9
:1008A00020636F70795F646174615F5F5F5F5F5F3A
:1008B0005F5F5F0D0A004572726F723A204D4953B7
:1008C00020464D206973206E6F7420636F6E6E65D5
:1008D000637465640D0A00004572726F723A2053AA
:1008E0004D46206973206E6F7420636F6E6E656372
:1008F0007465640D0A00464C4153482049443A202F
:10090000434947535F444154415F5441424C450D74
:100910000A00464C4153482049443A204349475332
:100920005F5049434C4F475F444154410D0A00001A
:10093000464C4153482049443A20434947535F4578
:100940004E5649524F5F444154410D0A0000464CF7
:100950004153482049443A20434947535F4956315F
:100960005F4845414445520D0A00464C41534820DA
:1009700049443A20434947535F4956315F44415403
:10098000410D0A00464C4153482049443A2043490E
:1009900047535F4956325F4845414445520D0A006E
:1009A000464C4153482049443A20434947535F4904
:1009B00056325F444154410D0A004572726F723ADB
:1009C00020496E76616C6964206D697373696F6E1E
:1009D0002049442025640D0A00005B4D4953462000
:1009E000414444524553535D0D0A00000950617261
:1009F000616D09446174610D0A00092D2D2D2D2DA5
:100A0000092D2D2D2D2D2D2D2D2D2D0D0A000953A8
:100A1000544152540930782530384C580D0A0000A2
:100A200009454E440930782530384C580D0A0000ED
:100A3000095352430930782530384C580D0A0000CC
:100A40000953495A450930782530384C580D0A0069
:100A5000092D2D2D2D2D092D2D2D2D2D2D2D2D2D0E
:100A60002D0D0A005B534D462041444452455353DB
:100A70005D0D0A0009506172616D09446174610D78
:100A80000A00092D2D2D2D2D092D2D2D2D2D2D2D2E
:100A90002D2D2D0D0A00095354415254093078254B
:100AA00030384C580D0A000009454E44093078256D
:100AB00030384C580D0A0000092D2D2D2D2D092DF3
:100AC0002D2D2D2D2D2D2D2D2D0D0A00455241534F
:100AD0004520534D4620415245410D0A000009452D
:100AE0005241534520534D46204152454120444FE9
:100AF0004E450D0A00005752495445204441544187
:100B000020544F20534D460D0A0055504441544542
:100B100020534D4620434F554E5445522053544187
:100B20005455530D0A000D0A5F5F5F5F5F5F5F5FA3
:100B30005F456E6420636F70795F646174615F5FAD
:100B40005F5F5F5F5F5F5F5F0D0A00005F5F5F5F1A
:100B50005F5F5F5F5F5F5F5F5F5F5F5F5F5F5F5FA5
:100B60005F5F5F5F5F5F5F5F5F5F5F0D0A0D0A0042
:100B70000D0A5F5F5F5F5F5F5F5F5F5F5F5F5F5F2C
:100B80005F5F5F5F5F5F0D0A00005F5F5F537461CF
:100B9000727420534D4620526561645F5F5F5F0D44
:100BA0000A004572726F723A205265616420616476
:100BB00064726573732030782530384C58206F7517
:100BC00074206F6620534D46206D697373696F6E94
:100BD0002072616E6765205B30782530384C582074
:100BE0002D2030782530384C58290D0A00005761E7
:100BF000726E3A2041646A75737420726561642074
:100C000073697A652066726F6D20256C7520746F2C
:100C100020256C7520286D697373696F6E20656E71
:100C200064290D0A0000496E666F3A204E6F7468A1
:100C3000696E6720746F2072656164202873697A19
:100C4000653D30290D0A0000496E20534D46205263
:100C500065616420736F75726365206461746120DF
:100C6000616464726573733A20254C580D0A000064
:100C7000496E20534D462052656164206461746161
:100C80002073697A65202020202020202020203A0F
:100C900020256C7520283078256C78290D0A0D0ADE
:100CA00000004572726F723A20534D4620697320DE
:100CB0006E6F7420636F6E6E65637465640D0A00F9
:100CC0005245414420444154412046524F4D205307
:100CD0004D462E2E2E0D0A000D0A5F5F5F456E6495
:100CE00020534D4620526561645F5F5F5F0D0A00CF
:100CF0005F5F5F5F5F5F5F5F5F5F5F5F5F5F5F5F04
:100D00005F5F5F5F0D0A0D0A00000D0A5F5F5F5FA6
:100D10005F5F5F5F5F5F5F5F5F5F5F5F5F5F5F5FE3
:100D20000D0A00005F5F5F537461727420736D661B
:100D30005F65726173655F5F5F5F0D0A00005B5303
:100D40004D465D2045726173652061646472657310
:100D5000732020203A20254C580D0A005B534D4645
:100D60005D20457261736520646174612073697AE6
:100D700065203A20256C7520283078256C78290D5F
:100D80000A0D0A004572726F723A20534D4620696F
:100D900073206E6F7420636F6E6E65637465640D8F
:100DA0000A004572726F723A204572617365207352
:100DB0006F75726365206164647265737320307847
:100DC000254C58206973206F757473696465206DB4
:100DD000697373696F6E2072616E6765205B30782E
:100DE000254C58202D203078254C585D0D0A0000E8
:100DF0004572726F723A204572617365206F70653B
:100E0000726174696F6E20776F756C6420657863AA
:100E1000656564206D697373696F6E20656E64200B
:100E200061646472657373203078254C580D0A0034
:100E30004C696D6974696E672065726173652073B2
:100E4000697A6520746F207374617920776974689A
:100E5000696E206D697373696F6E20626F756E6461
:100E6000730D0A004572617365206F70657261745D
:100E7000696F6E2076616C6964617465642077695E
:100E80007468696E206D697373696F6E2072616E2C
:100E900067650D0A000045726173656420256C75F5
:100EA0002062797465732028616C69676E656429B6
:100EB0000D0A00000D0A5F5F5F456E6420736D666A
:100EC0005F65726173655F5F5F5F0D0A00005F5F62
:100ED0005F5F5F5F5F5F5F5F5F5F5F5F5F5F5F5F22
:100EE0005F5F0D0A0D0A00004D495353494F4E20D4
:100EF000464C41534820496E697469616C697A6552
:100F00000D0A0000095B4D495320464D5D20436F9B
:100F10006E6E65637465640D0A00095B4D4953206C
:100F2000464D5D204E6F7420436F6E6E6563746531
:100F3000640D0A00095B534D465D20436F6E6E657C
:100F4000637465640D0A0000095B534D465D204ED5
:100F50006F7420436F6E6E65637465640D0A0000E4
:100F6000095B4D495320464D5D202530384C580DC6
:100F70000A00095B4D495320464D5D2043524320F2
:100F80006572726F72202D3E20696E697469616CA2
:100F9000697A6520636F756E746572730D0A00005F
:100FA00009436F6D706C6574650D0A0009466965CB
:100FB0006C640909436F756E7465724E616D6509E5
:100FC00056616C75650D0A00092D2D2D2D2D2D2DC9
:100FD0002D2D2D2D2D092D2D2D2D2D2D2D2D2D2D65
:100FE0002D2D2D092D2D2D2D2D2D2D2D2D2D2D2D55
:100FF0002D0D0A00095049434C4F470909557365A7
:1010000064090930782530384C580D0A0000090968
:1010100009556E636F707965640930782530384CF6
:10102000580D0A0009090952657365727665090948
:101030003078253032582F203078253032580D0A3C
:10104000000009454E5649524F0909557365640918
:101050000930782530384C580D0A00000909095527
:101060006E636F707965640930782530384C580D9F
:101070000A000909095265736572766509093078B5
:10108000253032582F203078253032580D0A000094
:101090000949563120484541444552095573656414
:1010A000090930782530384C580D0A0009090955CE
:1010B0006E636F707965640930782530384C580D4F
:1010C0000A00090909526573657276650909307865
:1010D000253032582F203078253032580D0A000044
:1010E0000949563120444154410955736564090941
:1010F00030782530384C580D0A00090909556E63BF
:101100006F707965640930782530384C580D0A00C5
:1011100009090952657365727665090930782530C9
:1011200032582F203078253032580D0A00000949F6
:1011300056322048454144455209557365640909B2
:1011400030782530384C580D0A00090909556E636E
:101150006F707965640930782530384C580D0A0075
:101160000909095265736572766509093078253079
:1011700032582F203078253032580D0A00000949A6
:101180005632204441544109557365640909307849
:101190002530384C580D0A00090909556E636F70E7
:1011A0007965640930782530384C580D0A000909F2
:1011B00009526573657276650909307825303258B1
:1011C0002F203078253032580D0A0000093D3D3D72
:1011D0003D3D3D3D3D3D3D3D3D3D3D3D3D3D3D3D3F
:1011E0003D3D3D3D3D3D3D3D3D3D3D3D3D3D3D3D2F
:1011F0003D3D3D3D3D3D3D3D3D3D3D3D3D3D3D0D4F
:101200000A004352432076657269666963617469B6
:101210006F6E20706173736564206F6E20617474EB
:10122000656D70742025640D0A004572726F723A04
:101230002043524320766572696669636174696F01
:101240006E206661696C6564206166746572202534
:101250006420617474656D7074730D0A00000D0A6A
:101260005F5F5F5F5F5F5F5F5F5F5F5F5F5F5F5F8E
:101270005F5F5F5F5F5F5F5F5F5F5F5F5F5F0D0A25
:101280005F5F5F5F5F53746172742065786563753B
:1012900074655F6D697373696F6E5F5F5F5F5F0D2C
:1012A0000A0D0A00436F6D6D616E642049443A2057
:1012B00025580D0A0D0A000009092D3E20476574C6
:1012C0002074696D6520746F20256C7520646179C8
:1012D000732C20253032753A253032753A2530325C
:1012E000750D0A0009092D3E20496E76616C69640E
:1012F00020434D44204944210D0A00000D0A5F5F40
:101300005F5F5F5F456E6420657865637574655FD8
:101310006D697373696F6E5F5F5F5F5F5F0D0A5F1B
:101320005F5F5F5F5F5F5F5F5F5F5F5F5F5F5F5FCD
:101330005F5F5F5F5F5F5F5F5F5F5F5F5F5F0D0A64
:101340000000537461727420657865637574655F1D
:10135000636F6D6D616E640D0A00092D3E2055703E
:101360006C696E6B20636F6D6D616E640D0A0000B9
:10137000092020205472616E736D69742041636B83
:101380006E6F6C656764650D0A00092D3E2053740D
:101390006174757320636865636B0D0A0000092032
:1013A00020205472616E736D6974204D4953204D35
:1013B0004355205374617475730D0A0066696E6934
:1013C0007368656420696E207374617475735F63FC
:1013D0006865636B0D0A0000092D3E20534D4620C1
:1013E000617661696C61626C6520636865636B0D31
:1013F0000A00092020205472616E736D69742041C7
:10140000636B6E6F776C656467656D656E740D0AEE
:10141000000009092D3E2064656E6965640D0A00AF
:1014200009092D3E20616C6C6F7765640D0A000020
:1014300009092D3E2044657175657565643A20661D
:10144000756E633D2575206D697373696F6E3D25FB
:10145000752073697A653D256C6420616464723D12
:10146000256C640D0A000909202020556E6B6E6FF3
:10147000776E2066756E635F747970653D25750DB6
:101480000A0009092D3E20436F6D706C6574656418
:10149000202575206F7065726174696F6E730D0A17
:1014A0000000092D3E2054494D4520526563656971
:1014B00076650D0A0000092020205472616E736D5C
:1014C00069742041636B6E6F6C656764650D0A001B
:1014D00009092D3E205365742074696D6520746F71
:1014E00020256C7520646179732C20253032753A83
:1014F000253032753A253032750D0A005374617209
:1015000074204D4F4445204D4541532049562031CC
:101510002053574545500D0A00000D0A4144442010
:10152000534D462051554555450D0A00094D6973E7
:1015300073696F6E2049443A202020253032580DBF
:101540000A000946756E6374696F6E205479706580
:101550003A253032580D0A00095772697465204DDA
:101560006F64653A202020253032580D0A00095357
:101570006F7572636520547970653A20202530328A
:10158000580D0A00095374617274204164647265D5
:1015900073733A253034580D0A000953697A653A55
:1015A000202020202020202020253034580D0A0023
:1015B0000D0A41444420534D462051554555450D93
:1015C0000A00094D697373696F6E2049443A2020FF
:1015D00020253032580D0A000946756E6374696F14
:1015E0006E20547970653A253032580D0A0009573B
:1015F00072697465204D6F64653A20202025303271
:10160000580D0A0009536F7572636520547970652F
:101610003A2020253032580D0A0009537461727443
:1016200020416464726573733A253034580D0A00A2
:101630000953697A653A2020202020202020202587
:101640003034580D0A005374617274204D4F444574
:10165000204D45415320495620504F5254310D0AD8
:1016600000000D0A41444420534D46205155455534
:10167000450D0A00094D697373696F6E2049443A3C
:10168000202020253032580D0A000946756E6374FB
:10169000696F6E20547970653A253032580D0A0012
:1016A000095772697465204D6F64653A20202025C2
:1016B0003032580D0A0009536F75726365205479F2
:1016C00070653A2020253032580D0A0009537461A4
:1016D000727420416464726573733A253034580D16
:1016E0000A000953697A653A202020202020202012
:1016F00020253034580D0A005374617274204D4F08
:101700004445204D45415320495620504F525432B4
:101710000D0A00000D0A41444420534D4620515506
:101720004555450D0A00094D697373696F6E20496F
:10173000443A202020253032580D0A000946756EA3
:101740006374696F6E20547970653A253032580D94
:101750000A00095772697465204D6F64653A20204C
:1017600020253032580D0A0009536F7572636520C9
:10177000547970653A2020253032580D0A000953FB
:101780007461727420416464726573733A253034F5
:10179000580D0A000953697A653A2020202020203C
:1017A000202020253034580D0A00537461727420B3
:1017B0004D4F4445204D4541532049560D0A0000E8
:1017C0000D0A41444420534D462051554555450D81
:1017D0000A00094D697373696F6E2049443A2020ED
:1017E00020253032580D0A000946756E6374696F02
:1017F0006E20547970653A253032580D0A00095729
:1018000072697465204D6F64653A2020202530325E
:10181000580D0A0009536F7572636520547970651D
:101820003A2020253032580D0A0009537461727431
:1018300020416464726573733A253034580D0A0090
:101840000953697A653A2020202020202020202575
:101850003034580D0A000D0A41444420534D4620AF
:1018600051554555450D0A00094D697373696F6EF1
:101870002049443A202020253032580D0A000946DC
:10188000756E6374696F6E20547970653A253032D5
:10189000580D0A00095772697465204D6F64653AE6
:1018A000202020253032580D0A0009536F757263CD
:1018B0006520547970653A2020253032580D0A0091
:1018C00009537461727420416464726573733A25BC
:1018D0003034580D0A000953697A653A20202020D7
:1018E0002020202020253034580D0A000D0A4144C4
:1018F0004420534D462051554555450D0A00094D8C
:10190000697373696F6E2049443A20202025303274
:10191000580D0A000946756E6374696F6E2054791C
:1019200070653A253032580D0A000957726974659E
:10193000204D6F64653A202020253032580D0A0072
:1019400009536F7572636520547970653A202025BC
:101950003032580D0A000953746172742041646476
:10196000726573733A253034580D0A000953697A49
:10197000653A202020202020202020253034580DBA
:101980000A00456E64204D4F4445204D454153208B
:101990004956206D697373696F6E0D0A00005374A8
:1019A000617274204D4F44452049562044454255AC
:1019B000470D0A000949443A20253032580D0A00E3
:1019C00009536C65657054696D653A2020202020AC
:1019D0002020203078253034580D0A00094C6F67DC
:1019E000437572725468726573686F6C643A203024
:1019F00078253034580D0A000950445468726573D4
:101A0000686F6C643A202020202020307825303404
:101A1000580D0A000943757272656E744C696D69E0
:101A2000743A20202020203078253034580D0A00C8
:101A3000094D6561737572656D656E7454696D6588
:101A40003A20203078253034580D0A005B4956443E
:101A500042475D20456E64204D4F44452049562045
:101A600044454255470D0A0074656D705F746F7090
:101A70002C2074656D705F626F742C2074656D70BE
:101A80005F6D6973372C2070640D0A004D4541531A
:101A900020495620436F6D6D616E64205061726104
:101AA0006D65746572733A0D0A000949443A202540
:101AB0003032580D0A00095377656570496E7465B8
:101AC0007276616C2020203A256C755B6D735D0D1C
:101AD0000A00095044205468726573686F6C642072
:101AE0002020203A256C755B572F6D325D0D0A0062
:101AF0000953776565704C696D697420202020203A
:101B0000203A256C755B6D415D0D0A00094C6F67CD
:101B10005468726573686F6C64202020203A256CCD
:101B2000755B6D415D0D0A00094D656173757265E8
:101B30006D656E7454696D65203A256C755B735DD7
:101B40000D0A0D0A00005374617274204D4F444514
:101B5000204D4541532050440D0A0000456E64203D
:101B60004D4F4445204D4541532050440D0A00003F
:101B70005374617274204D4F4445204D45415320AC
:101B800043414C4942524154494F4E0D0A0074653D
:101B90006D705F70795F746F702C2074656D705F0D
:101BA00070795F626F742C2074656D705F6D6973FE
:101BB000372C2070642C2063656C6C315F766F6C01
:101BC000742C2063656C6C315F637572722C2063BA
:101BD000656C6C325F766F6C742C2063656C6C3254
:101BE0005F637572720D0A003078253034582C20EE
:101BF0003078253034582C203078253034582C203B
:101C00003078253034582C203078253034582C202A
:101C10003078253034582C203078253034582C201A
:101C20003078253034580D0A0000537461727420E6
:101C3000466C61736820457261736520416C6C0D60
:101C40000A00456E6420466C6173682045726173BA
:101C50006520416C6C0D0A00537461727420466CEF
:101C60006173682045726173652031205365637428
:101C70006F720D0A000009536563746F722041642E
:101C800064726573733A2030782530384C580D0AE9
:101C90000000456E6420466C617368204572617374
:101CA00065203120536563746F720D0A0000537410
:101CB00061727420466C617368204572617365209F
:101CC000346B4279746520537562736563746F7207
:101CD0000D0A000009537562736563746F722041C9
:101CE0006464726573733A2030782530384C580D2F
:101CF0000A00456E6420466C61736820457261730A
:101D00006520346B42797465205375627365637422
:101D10006F720D0A0000537461727420466C617317
:101D2000682045726173652036346B427974652092
:101D3000537562736563746F720D0A00095375629F
:101D4000736563746F7220416464726573733A20C3
:101D500030782530384C580D0A00456E6420466CAA
:101D60006173682045726173652036346B42797403
:101D70006520537562736563746F720D0A00537446
:101D800061727420466C61736820577269746520B3
:101D900044656D6F0D0A0000094D4F444520202019
:101DA00020203A20253032580D0A00000941646491
:101DB0007265737320203A2030782530384C580DE6
:101DC0000A00095061636B65744E756D3A20307876
:101DD0002530344C580D0A005772697465204461EF
:101DE00074610D0A00000D0A5B464C4153485D20AA
:101DF000577269746520616464726573732030780A
:101E00002530384C582065786365656473206465B7
:101E10007669636520656E642030782530384C58CB
:101E2000202D3E2061626F72740D0A000D0A5B4620
:101E30004C4153485D205265616368656420656E5E
:101E4000642E205061727469616C207772697465C8
:101E500020256C7520627974657320287061636B2E
:101E60006574207472756E6361746564292E0D0A41
:101E70000000456E6420466C617368205772697477
:101E8000652044656D6F0D0A000053746172742003
:101E9000466C61736820577269746520346B4279AF
:101EA000746520537562736563746F720D0A000068
:101EB000456E6420466C61736820577269746520B2
:101EC000346B4279746520537562736563746F7205
:101ED0000D0A0000537461727420466C61736820AF
:101EE000526561640D0A0000094D4F4445202020D1
:101EF00020203A20253032580D0A00000941646440
:101F00007265737320203A2030782530384C580D94
:101F10000A00095061636B65744E756D3A20307824
:101F20002530344C580D0A00414444524553532047
:101F3000203A0D0A00004D697373696F6E20466C7C
:101F4000617368206973206E6F7420636F6E6E65B5
:101F5000637465640D0A00005B464C4153485D2084
:101F60005265616420616464726573732030782502
:101F700030384C58206578636565647320646576F5
:101F800069636520656E642030782530384C5820B0
:101F90002D3E2073746F700D0A005B464C41534810
:101FA0005D20456E6420726561636865642E205013
:101FB00061727469616C207265616420256C7520A2
:101FC00062797465732E0D0A00002530384C582054
:101FD0003A200000456E6420466C617368205265AB
:101FE00061640D0A0000537461727420466C617361
:101FF00068205265616420416464726573730D0AE0
:1020000000005265616420446174613A20253032D9
:10201000582025303258202530325820253032586B
:102020000D0A0000456E6420466C6173682052659D
:10203000616420416464726573730D0A0000537417
:1020400061727420466C617368204572617365200B
:10205000616E642052657365740D0A00456E6420DC
:10206000466C61736820457261736520616E6420FF
:1020700052657365740D0A00537461727420466C66
:1020800061736820534D4620436F70790D0A00003C
:10209000456E6420466C61736820534D4620436F43
:1020A00070790D0A0000537461727420466C61737C
:1020B0006820534D4620526561640D0A00000941B5
:1020C00064647265737320203A2030782530384C70
:1020D000580D0A00095061636B65744E756D3A20A6
:1020E00030782530344C580D0A0052656164204424
:1020F0006174610D0A000D0A456E6420466C6173BF
:102100006820534D4620526561640D0A00005374E7
:1021100061727420466C61736820534D462045728D
:102120006173650D0A00456E6420466C617368201A
:10213000534D462045726173650D0A0053746172F8
:102140007420466C61736820416464726573732007
:1021500052657365740D0A00456E6420466C6173A8
:102160006820416464726573732052657365740DF1
:102170000A00534D46206973206E6F7420636F6EA2
:102180006E65637465640D0A000053746172742097
:10219000466C61736820534D462052656164204649
:1021A0006F7263650D0A00000941646472657373A0
:1021B00020203A2030782530384C580D0A0009503C
:1021C00061636B65744E756D3A2030782530344C00
:1021D000580D0A007265616420646174610D0A0023
:1021E0000D0A456E6420466C61736820534D46208D
:1021F0005265616420466F7263650D0A0000537476
:1022000061727420534D4620457261736520416CA4
:102210006C0D0A00456E6420534D46204572617373
:102220006520416C6C0D0A00537461727420534D2B
:10223000462052657365740D0A00456E6420534D47
:10224000462052657365740D0A000D0A0D0A0D0AC9
:102250003D3D3D3D3D3D3D3D3D3D3D3D3D3D3D3DAE
:102260003D3D3D3D3D3D3D3D3D3D3D3D3D3D3D3D9E
:102270003D3D3D3D3D3D3D3D3D3D3D3D3D3D3D3D8E
:102280003D3D3D3D3D3D3D3D3D3D3D3D0D0A00005B
:1022900054686973206973204D4F4D494A49204362
:1022A000494753205049432042424D20666F7220D7
:1022B0004D4953375F42424D362E0D0A00004C61A6
:1022C00073742075706461746564206F6E2025736B
:1022D0002025732C20627920496E6F75652E0D0ABA
:1022E0000D0A000032372D4665622D323600313539
:1022F0003A32353A303400005F5F5F5F43494753FD
:1023000020504943205374617274204F706572618C
:1023100074696F6E5F5F5F5F5F0D0A0D0A00776122
:102320006974696E6720666F7220424F5353205064
:10233000494320636F6D6D616E6400000D0A0D0AE4
:102340003D3D3D3D3D3D0D0A0D0A46696E69736890
:1023500065642070726F636573732E0D0A000D0A39
:1023600077616974696E6720666F7220424F5353BC
:102370002050494320636F6D6D616E640000456EAF
:1023800064206D61696E0D0A00000B0EEA6E030E8B
:10239000E96EEF50D8B4DBEF11F0050E016E006A64
:1023A000002EFED7012EFBD72E0E006E002EFED77C
:1023B00000D0EF2EF2D712000900F552D8B4F6EF94
:1023C00011F0F6CFC2F9F7CFC3F9F8CFC4F9F55041
:1023D000A6ACE8EF11F00E01F96FC2C9F6FFC3C950
:1023E000F7FFC4C9F8FF0001DCEF11F0120009008B
:1023F000F6CF4FFAF7CF50FAF8CF51FAF550A6AC16
:10240000FFEF11F00E01F96F4FCAF6FF50CAF7FF48
:1024100051CAF8FF0A014E2F02D004D0000100017A
:10242000F7EF11F00001120001661CEF12F00266D6
:102430001DEF12F025EF12F0022A00C0EEFF012E70
:102440001DEF12F0022E1DEF12F01200880EF66E34
:10245000020EF76E000EF86EDCEC11F0618AC00E11
:10246000F2129A0EF66E020EF76E000EF86EDCECAB
:1024700011F016EF9BF0F80EF66E010EF76E000EDF
:10248000F86EDCEC11F09E900101816B806B7F6B2C
:102490007E6B856B846B836B826B8F0ECD6EAA6AAD
:1024A000D70ED56ECF6ACE6A00009D80F28AC00E2C
:1024B000F2120C0EF66E020EF76E000EF86E0001B0
:1024C000DCEC11F018EF9BF00901F691F693F6950C
:1024D000F697F689F69BF69DF69FF781F783F551FF
:1024E000010B016EF79501B0F785D890F531010B1E
:1024F000016EF79701B0F787F531006E00323F0E9D
:1025000000160050010B016EF79901B0F789F53103
:10251000006E003200321F0E00160050010B016EDB
:10252000F79B01B0F78BF79DF78FF651016EF751CE
:10253000026E0001D3EF12F00901F7511008D8A480
:1025400003D00001B1EF12F0F96F00010901F53776
:10255000F637F92F02D004D000010001A6EF12F0E7
:1025600000019388939A93948A84F7C9F9F9090131
:10257000F6AF8A9AF6BF8A8AF537F6378A9401361B
:10258000023681A8019081B801808A84F92F02D097
:1025900004D000010001B7EF12F000011200EEC9F3
:1025A000F5F964EF12F002C0F0F901C0EFF9FD0E89
:1025B000936E8A9200D000D0F0C9F6F9EFC9F5F910
:1025C000100E0901F76F010EF86F00019CEC12F07C
:1025D000FD0E936E8A8200D000D0FD0E936E8A921B
:1025E00000D000D00901F66BF56B100EF76F010EED
:1025F000F86F00019CEC12F002C0F2F901C0F1F991
:10260000FD0E936E8A820901F151F36FF2510F0BA7
:10261000F46FF351016EF451026E000112000901D2
:10262000E9AF03D0000130EF13F00F0E006EE83970
:1026300000160A0E005CD8A003D0000125EF13F0AD
:10264000300E0026000129EF13F00901E9510026A0
:1026500000010050A6AC2AEF13F00E01F96F000143
:102660000F0E0901E8170A0EE85DD8A003D000019B
:102670003EEF13F0300E000142EF13F00901E99F25
:10268000E95100010901E827E8510001A6AC46EF35
:1026900013F00E01F96F00011200A60EF66E020E85
:1026A000F76E000EF86EDCEC11F0FD0E936E8A8270
:1026B0000A0E0B01036F0001C5EC11F0010E0901B8
:1026C000EE6F0001CFEC12F002C09AF101C099F157
:1026D000010E0B01036F0001C5EC11F0090EA6AC51
:1026E0006FEF13F00E01F96F9AC1E8F9370E090187
:1026F000E96F00010FEC13F099C1E8F9370E0901F9
:10270000E96F00010FEC13F00D0EA6AC85EF13F08E
:102710000E01F96F0A0E0001A6AC8CEF13F00E014A
:10272000F96F0101993D02D004D000010001A5EF2D
:1027300013F0000101019A3D02D004D00001000114
:10274000A5EF13F00001B5EF13F001019953D8B4D0
:1027500003D00001BFEF13F0000101019A53D8B478
:1027600003D00001BFEF13F00001BA0EF66E020EA7
:10277000F76E000EF86EDCEC11F0C7EF13F0CC0E24
:10278000F66E020EF76E000EF86EDCEC11F0E20E43
:10279000F66E020EF76E000EF86EDCEC11F01AEF1A
:1027A0009BF00901E39FE38DE38BE389E131E56F62
:1027B000E031E46FE533E433E533E433E533E43328
:1027C000E533E433E533E433E533E433010EE51771
:1027D000E451010B006E036A0050016EE39701B0F3
:1027E000E387E131E56FE031E46FE533E433E5336E
:1027F000E433E533E433E533E433E533E433030E24
:10280000E517E451010B006E036A0050016EE39579
:1028100001B0E385E131E56FE031E46FE533E433A6
:10282000E533E433E533E433E533E433070EE5170A
:10283000E451010B006E036A0050016EE39301B096
:10284000E383E131E56FE031E46FE533E433E53311
:10285000E433E533E4330F0EE517E451010B006E6A
:10286000036A0050016EE39101B0E381E131E56F4D
:10287000E031E46FE533E433E533E4331F0EE5176D
:10288000E451010B006E036A0050016EE29F01B03B
:10289000E28FE131E56FE031E46FE533E4333F0E81
:1028A000E517E451010B006E036A0050016EE29DD2
:1028B00001B0E28DD890E131E56FE031E46FE45191
:1028C000010B006E036A0050016EE29B01B0E28BC7
:1028D000E051010B006E036A0050016EE29901B0F5
:1028E000E289E297E295E293E291E251016EE351CF
:1028F000026E000112000901E2511008D8A403D0B1
:10290000000190EF14F0E46F00010901E037E137B6
:10291000E42F02D004D00001000185EF14F0000183
:102920009598959A8C8AE2C9E4F90901E1AF8C98EF
:10293000E1BF8C88E037E1378C9A8C8AE42F02D093
:1029400004D00001000195EF14F000011200DDC970
:10295000E1F9DCC9E0F9D1EC13F002C0DFF901C004
:10296000DEF93F0E956E8C9E00D000D0DFC9E1F9F4
:10297000DEC9E0F9100E0901E26F010EE36F0001FC
:102980007BEC14F000D000D03F0E956E8C8E1200C0
:10299000DDC9E1F9DCC9E0F9D1EC13F002C0DFF9DF
:1029A00001C0DEF93F0E956E8C9C00D000D0DFC9CF
:1029B000E1F9DEC9E0F9100E0901E26F010EE36FE3
:1029C00000017BEC14F000D000D03F0E956E8C8C93
:1029D0001200EE0EF66E020EF76E000EF86EDCECD4
:1029E00011F03F0E956E8C8E3F0E956E8C8C0A0EFC
:1029F0000B01036F0001C5EC11F00901DD6B0A0E3C
:102A0000DC6F0001A7EC14F00901DD6B0A0EDC6F2E
:102A10000001C8EC14F0010E0901EE6F0001CFECCB
:102A200012F002C09AF101C099F19AC1E8F9370E8B
:102A30000901E96F00010FEC13F099C1E8F9370EB5
:102A40000901E96F00010FEC13F00D0EA6AC26EFA3
:102A500015F00E01F96F0A0E0001A6AC2DEF15F06E
:102A60000E01F96F0101993D02D004D0000100016F
:102A700046EF15F0000101019A3D02D004D000019B
:102A8000000146EF15F0000156EF15F001019953D2
:102A9000D8B403D0000160EF15F0000101019A5392
:102AA000D8B403D0000160EF15F00001040EF66EFB
:102AB000030EF76E000EF86EDCEC11F068EF15F007
:102AC000240EF66E030EF76E000EF86EDCEC11F0BD
:102AD0009AC1E8F9370E0901E96F00010FEC13F014
:102AE00099C1E8F9370E0901E96F00010FEC13F005
:102AF0000D0EA6AC79EF15F00E01F96F0A0E00016C
:102B0000A6AC80EF15F00E01F96F050E0901EE6F0E
:102B10000001CFEC12F002C09AF101C099F101015D
:102B2000993D02D004D000010001A3EF15F000018F
:102B300001019A3D02D004D000010001A3EF15F07D
:102B40000001B3EF15F001019953D8B403D000018F
:102B5000BDEF15F0000101019A53D8B403D0000174
:102B6000BDEF15F00001480EF66E030EF76E000E75
:102B7000F86EDCEC11F0C5EF15F0680EF66E030E82
:102B8000F76E000EF86EDCEC11F08C0EF66E030E94
:102B9000F76E000EF86EDCEC11F01CEF9BF00B01F1
:102BA0000951070B006E0931016E013201321F0E0F
:102BB000011601500B25E96E000E0C21EA6E016A28
:102BC000012A002A0001E6EF15F00136002EE5EF9C
:102BD00015F00B010A53D8A403D00001F5EF15F04E
:102BE0000150EF120001F8EF15F0011E0150EF1631
:102BF00012000B0126510808D8A403D000010DEFE4
:102C000016F0286F00010B012537282F02D004D0C1
:102C10000001000103EF16F000019680969C969249
:102C20008D9226CB28FB0B0125AF8D9C25BF8D8C6B
:102C300025378D82013684A0019084B001808D9269
:102C4000282F02D004D00001000113EF16F000017C
:102C500012000B0126510808D8A403D000013DEF53
:102C600016F0286F00010B012537282F02D004D061
:102C70000001000133EF16F00001928292909296CB
:102C8000899626CB28FB0B0125AF899025BF89802B
:102C900025378986013680A2019080B2018089960D
:102CA000282F02D004D00001000143EF16F00001EC
:102CB00012000B010951000A0001D8B466EF16F0AA
:102CC000010AD8B4EBEF16F070EF17F00B01186B98
:102CD000176B00010B011851105DD8B003D0000133
:102CE00098EF16F00001D8A47FEF16F00B010F51FA
:102CF000175DD8A003D0000198EF16F000010B017A
:102D00000D511725E96E0E511821EA6EEFCF23FB06
:102D100023CB25FB080E266F010E276F0001F9EC6F
:102D200015F00B01172BD8B4182B00016AEF16F021
:102D30000B011C6B1B6B1A6B196B00010B011C51F7
:102D4000165DD8B003D00001E9EF16F00001D8A459
:102D5000CBEF16F00B011B51155DD8B003D000016D
:102D6000E9EF16F00001D8A4CBEF16F00B011A51D1
:102D7000145DD8B003D00001E9EF16F00001D8A42B
:102D8000CBEF16F00B011351195DD8A003D0000151
:102D9000E9EF16F000010B0111511925E96E1251EE
:102DA0001A21EA6E020E256F080E266F010E276F9C
:102DB0000001F9EC15F001C0EFFF010E0B0119271E
:102DC000D8B01A2BD8B41B2BD8B41C2B00019EEF03
:102DD00016F072EF17F00B011E6B1D6B00010B015B
:102DE0001E51105DD8B003D000011DEF17F0000197
:102DF000D8A404EF17F00B010F511D5DD8A003D02C
:102E000000011DEF17F000010B010D511D25E96EAA
:102E10000E511E21EA6EEFCF23FB23CB25FB080EBC
:102E2000266F010E276F000129EC16F00B011D2BF8
:102E3000D8B41E2B0001EFEF16F00B01226B216BB3
:102E4000206B1F6B00010B012251165DD8B003D01F
:102E500000016EEF17F00001D8A450EF17F00B013E
:102E60002151155DD8B003D000016EEF17F00001BD
:102E7000D8A450EF17F00B012051145DD8B003D047
:102E800000016EEF17F00001D8A450EF17F00B010E
:102E900013511F5DD8A003D000016EEF17F00001A1
:102EA0000B0111511F25E96E12512021EA6E010E0E
:102EB000256F080E266F010E276F000129EC16F012
:102EC00001C0EFFF010E0B011F27D8B0202BD8B493
:102ED000212BD8B4222B000123EF17F072EF17F04B
:102EE00072EF17F012009F0E0201686F52C209FBC9
:102EF0000B010A6B0F0E0C6F890E0B6F0001CFECEC
:102F000015F052C209FB0B010A6B0F0E0C6F920EEB
:102F10000B6F0001CFEC15F00D0E006E002EFED7EA
:102F200053C20CFB52C20BFB51C20AFB50C209FB3D
:102F3000020E0B010E6F680E0D6F106B010E0F6FFE
:102F4000020E126F540E116F166B156B146B140E6C
:102F5000136F000159EC16F052C209FB010E0B0170
:102F60000A6F0F0E0C6F890E0B6F0001CFEC15F07E
:102F700052C209FB0B010A6B0F0E0C6F920E0B6F06
:102F80000001CFEC15F0020154512008D8B403D051
:102F90000001D2EF17F00001010E016ED6EF17F01D
:102FA000D6EF17F0000E016ED6EF17F012000A01EF
:102FB000EC53D8B403D0000159EF18F00001030E10
:102FC0000A01F96FF1CA03FBF2CA04FB0B01056B9E
:102FD000066B0351006E016A026A036A00C0FAFAC6
:102FE000F0CA03FBF1CA04FBF2CA05FB066B0351EE
:102FF000006E016A026A036A00C0FBFA0A01EF511F
:10300000006E016A026A036A00C0FCFAEDCA09FB9D
:103010000B010A6B0F0E0C6F890E0B6F0001CFECCA
:1030200015F0EDCA09FB0B010A6B0F0E0C6F920E27
:103030000B6F0001CFEC15F0EECA0CFBEDCA0BFBD9
:10304000ECCA0AFBEBCA09FB0A0E0B010E6FF90E64
:103050000D6F106B040E0F6FF4CA12FBF3CA11FB55
:10306000F8CA16FBF7CA15FBF6CA14FBF5CA13FB20
:10307000000159EC16F0020E006E002EFED7000083
:10308000EDCA09FB010E0B010A6F0F0E0C6F890EC2
:103090000B6F0001CFEC15F0EDCA09FB0B010A6BB9
:1030A0000F0E0C6F920E0B6F0001CFEC15F0E6EFD8
:1030B00018F00A01EC2D02D004D000010001E6EF67
:1030C00018F00001130E0A01FD6FF2CA03FB0B0199
:1030D000046B056B066B0351006E016A026A036A9A
:1030E00000C0FEFAF1CA03FBF2CA04FB056B066BD3
:1030F0000351006E016A026A036A00C0FFFAF0CA57
:1031000003FBF1CA04FBF2CA05FB066B0351006E18
:10311000016A026A036A00C000FB0A01EF51006EF7
:10312000016A026A036A00C001FBEDCA09FB0B01D8
:103130000A6B0F0E0C6F890E0B6F0001CFEC15F0B0
:10314000EDCA09FB0B010A6B0F0E0C6F920E0B6F91
:103150000001CFEC15F0EECA0CFBEDCA0BFBECCA7C
:103160000AFBEBCA09FB0A0E0B010E6FFD0E0D6F79
:10317000106B050E0F6FF4CA12FBF3CA11FBF8CAED
:1031800016FBF7CA15FBF6CA14FBF5CA13FB0001C0
:1031900059EC16F0020E006E002EFED70000EDCAAC
:1031A00009FB010E0B010A6F0F0E0C6F890E0B6FDE
:1031B0000001CFEC15F0EDCA09FB0B010A6B0F0EF5
:1031C0000C6F920E0B6F0001CFEC15F012000A018C
:1031D000ED53D8B403D00001F3EF18F00001000E56
:1031E000016E1CEF19F00A01EC51036EEB51EB2B51
:1031F000D8B4EC2BE96E03C0EAFFEFCFEEFA000182
:103200000A01ED07ED53D8A403D0000118EF19F01F
:1032100000010A01EC51036EEB51EB2BD8B4EC2BFF
:10322000E96E03C0EAFFEF50EE1B000100EF19F05A
:103230000A01EE51016E00011200AC0EF66E0F0E87
:10324000F76E000EF86EDCEC11F0C80EF66E0F0E85
:10325000F76E000EF86EDCEC11F0F40EF66E0F0E49
:10326000F76E000EF86E110E0A014E6F0001F7ECBA
:1032700011F02FC1E8F9370E0901E96F00010FECD9
:1032800013F02EC1E8F9370E0901E96F00010FECC8
:1032900013F02DC1E8F9370E0901E96F00010FECB9
:1032A00013F02CC1E8F9370E0901E96F00010FECAA
:1032B00013F00D0EA6AC5AEF19F00E01F96F0A0EBD
:1032C0000001A6AC61EF19F00E01F96F0E0EF66E5B
:1032D000100EF76E000EF86E0E0E0A014E6F000112
:1032E000F7EC11F033C1E8F9370E0901E96F00017D
:1032F0000FEC13F032C1E8F9370E0901E96F000154
:103300000FEC13F031C1E8F9370E0901E96F000144
:103310000FEC13F030C1E8F9370E0901E96F000135
:103320000FEC13F00D0EA6AC93EF19F00E01F96F30
:103330000A0E0001A6AC9AEF19F00E01F96F240EE7
:10334000F66E100EF76E000EF86E0E0E0A014E6F3E
:103350000001F7EC11F034C1E8F9370E0901E96F0B
:1033600000010FEC13F0360EF66E100EF76E000E25
:10337000F86E040E0A014E6F0001F7EC11F035C132
:10338000E8F9370E0901E96F00010FEC13F00D0E9B
:10339000A6ACC8EF19F00E01F96F0A0E0001A6AC39
:1033A000CFEF19F00E01F96F420EF66E100EF76EA8
:1033B000000EF86E110E0A014E6F0001F7EC11F0CD
:1033C00039C1E8F9370E0901E96F00010FEC13F07C
:1033D00038C1E8F9370E0901E96F00010FEC13F06D
:1033E00037C1E8F9370E0901E96F00010FEC13F05E
:1033F00036C1E8F9370E0901E96F00010FEC13F04F
:103400000D0EA6AC01EF1AF00E01F96F0A0E0001C5
:10341000A6AC08EF1AF00E01F96F5C0EF66E100EF6
:10342000F76E000EF86E0E0E0A014E6F0001F7ECFB
:1034300011F03DC1E8F9370E0901E96F00010FEC09
:1034400013F03CC1E8F9370E0901E96F00010FECF8
:1034500013F03BC1E8F9370E0901E96F00010FECE9
:1034600013F03AC1E8F9370E0901E96F00010FECDA
:1034700013F00D0EA6AC3AEF1AF00E01F96F0A0E1A
:103480000001A6AC41EF1AF00E01F96F720EF66E54
:10349000100EF76E000EF86E0E0E0A014E6F000150
:1034A000F7EC11F03EC1E8F9370E0901E96F0001B0
:1034B0000FEC13F0840EF66E100EF76E000EF86E21
:1034C000040E0A014E6F0001F7EC11F03FC1E8F95C
:1034D000370E0901E96F00010FEC13F00D0EA6ACD9
:1034E0006FEF1AF00E01F96F0A0E0001A6AC76EF2D
:1034F0001AF00E01F96F900EF66E100EF76E000EB8
:10350000F86E140E0A014E6F0001F7EC11F043C182
:10351000E8F9370E0901E96F00010FEC13F042C121
:10352000E8F9370E0901E96F00010FEC13F041C112
:10353000E8F9370E0901E96F00010FEC13F040C103
:10354000E8F9370E0901E96F00010FEC13F00D0ED9
:10355000A6ACA8EF1AF00E01F96F0A0E0001A6AC96
:10356000AFEF1AF00E01F96FAC0EF66E100EF76E9B
:10357000000EF86E0E0E0A014E6F0001F7EC11F00E
:1035800047C1E8F9370E0901E96F00010FEC13F0AC
:1035900046C1E8F9370E0901E96F00010FEC13F09D
:1035A00045C1E8F9370E0901E96F00010FEC13F08E
:1035B00044C1E8F9370E0901E96F00010FEC13F07F
:1035C0000D0EA6ACE1EF1AF00E01F96F0A0E000124
:1035D000A6ACE8EF1AF00E01F96FC20EF66E100EEF
:1035E000F76E000EF86E0E0E0A014E6F0001F7EC3A
:1035F00011F048C1E8F9370E0901E96F00010FEC3D
:1036000013F0D40EF66E100EF76E000EF86E040E68
:103610000A014E6F0001F7EC11F049C1E8F9370ECD
:103620000901E96F00010FEC13F00D0EA6AC16EFC7
:103630001BF00E01F96F0A0E0001A6AC1DEF1BF086
:103640000E01F96FE00EF66E100EF76E000EF86EBA
:10365000120E0A014E6F0001F7EC11F04DC1E8F9AE
:10366000370E0901E96F00010FEC13F04CC1E8F9C6
:10367000370E0901E96F00010FEC13F04BC1E8F9B7
:10368000370E0901E96F00010FEC13F04AC1E8F9A8
:10369000370E0901E96F00010FEC13F00D0EA6AC17
:1036A0004FEF1BF00E01F96F0A0E0001A6AC56EFAA
:1036B0001BF00E01F96FFA0EF66E100EF76E000E8B
:1036C000F86E0E0E0A014E6F0001F7EC11F051C1B9
:1036D000E8F9370E0901E96F00010FEC13F050C152
:1036E000E8F9370E0901E96F00010FEC13F04FC143
:1036F000E8F9370E0901E96F00010FEC13F04EC134
:10370000E8F9370E0901E96F00010FEC13F00D0E17
:10371000A6AC88EF1BF00E01F96F0A0E0001A6ACF3
:103720008FEF1BF00E01F96F100EF66E110EF76E93
:10373000000EF86E0E0E0A014E6F0001F7EC11F04C
:1037400052C1E8F9370E0901E96F00010FEC13F0DF
:10375000220EF66E110EF76E000EF86E040E0A01C0
:103760004E6F0001F7EC11F053C1E8F9370E090173
:10377000E96F00010FEC13F00D0EA6ACBDEF1BF0CE
:103780000E01F96F0A0E0001A6ACC4EF1BF00E018A
:10379000F96F2E0EF66E110EF76E000EF86E140E07
:1037A0000A014E6F0001F7EC11F057C1E8F9370E2E
:1037B0000901E96F00010FEC13F056C1E8F9370E6B
:1037C0000901E96F00010FEC13F055C1E8F9370E5C
:1037D0000901E96F00010FEC13F054C1E8F9370E4D
:1037E0000901E96F00010FEC13F00D0EA6ACF6EF26
:1037F0001BF00E01F96F0A0E0001A6ACFDEF1BF0E5
:103800000E01F96F4A0EF66E110EF76E000EF86E8D
:103810000E0E0A014E6F0001F7EC11F05BC1E8F9E2
:10382000370E0901E96F00010FEC13F05AC1E8F9F6
:10383000370E0901E96F00010FEC13F059C1E8F9E7
:10384000370E0901E96F00010FEC13F058C1E8F9D8
:10385000370E0901E96F00010FEC13F00D0EA6AC55
:103860002FEF1CF00E01F96F0A0E0001A6AC36EF27
:103870001CF00E01F96F600EF66E110EF76E000E61
:10388000F86E0E0E0A014E6F0001F7EC11F05CC1EC
:10389000E8F9370E0901E96F00010FEC13F0720E21
:1038A000F66E110EF76E000EF86E040E0A014E6FE2
:1038B0000001F7EC11F05DC1E8F9370E0901E96F7D
:1038C00000010FEC13F00D0EA6AC64EF1CF00E011E
:1038D000F96F0A0E0001A6AC6BEF1CF00E01F96F38
:1038E0007E0EF66E110EF76E000EF86E120E0A01C5
:1038F0004E6F0001F7EC11F061C1E8F9370E0901D4
:10390000E96F00010FEC13F060C1E8F9370E09010F
:10391000E96F00010FEC13F05FC1E8F9370E090100
:10392000E96F00010FEC13F05EC1E8F9370E0901F1
:10393000E96F00010FEC13F00D0EA6AC9DEF1CF02B
:103940000E01F96F0A0E0001A6ACA4EF1CF00E01E7
:10395000F96F980EF66E110EF76E000EF86E0E0EE1
:103960000A014E6F0001F7EC11F065C1E8F9370E5E
:103970000901E96F00010FEC13F064C1E8F9370E9B
:103980000901E96F00010FEC13F063C1E8F9370E8C
:103990000901E96F00010FEC13F062C1E8F9370E7D
:1039A0000901E96F00010FEC13F00D0EA6ACD6EF84
:1039B0001CF00E01F96F0A0E0001A6ACDDEF1CF041
:1039C0000E01F96FAE0EF66E110EF76E000EF86E68
:1039D0000E0E0A014E6F0001F7EC11F066C1E8F916
:1039E000370E0901E96F00010FEC13F0C00EF66EFF
:1039F000110EF76E000EF86E040E0A014E6F0001F4
:103A0000F7EC11F067C1E8F9370E0901E96F000121
:103A10000FEC13F00D0EA6AC0BEF1DF00E01F96FBD
:103A20000A0E0001A6AC12EF1DF00E01F96FCC0ECC
:103A3000F66E110EF76E000EF86E0001DCEC11F060
:103A40001200E80EF66E0E0EF76E000EF86EDCEC4D
:103A500011F0FE0E986E8F80FB0E926E898415C158
:103A600053F214C152F213C151F212C150F273EC6D
:103A700017F00152D8B447EF1DF0040EF66E0F0E8A
:103A8000F76E000EF86EDCEC11F04FEF1DF01A0E21
:103A9000F66E0F0EF76E000EF86EDCEC11F019C129
:103AA00053F218C152F217C151F216C150F273EC21
:103AB00017F00152D8B467EF1DF0340EF66E0F0EFA
:103AC000F76E000EF86EDCEC11F06FEF1DF0480E93
:103AD000F66E0F0EF76E000EF86EDCEC11F0020EB3
:103AE00002014F6F0E0E4E6F4FC2EAFF4EC2E9FF4A
:103AF000006A026A400E016E000114EC12F0600EC2
:103B0000F66E0F0EF76E000EF86E0A0E0A014E6F7B
:103B10000001F7EC11F00901E86B370EE96F0001C5
:103B20000FEC13F00901E86B370EE96F00010FECA1
:103B300013F00901E86B370EE96F00010FEC13F089
:103B40000901E86B370EE96F00010FEC13F00D0E61
:103B5000A6ACA8EF1DF00E01F96F0A0E0001A6AC8D
:103B6000AFEF1DF00E01F96F02014E51016E4F5182
:103B7000036E0150506F03C051F215C1EEFA14C12B
:103B8000EDFA13C1ECFA12C1EBFA0A01F26BF16B18
:103B9000F06BEF6B51C2F4FA50C2F3FAF86BF76BAB
:103BA000F66B400EF56F0001D7EC17F03F0E0201E7
:103BB0004E25E96E000E4F21EA6EEFCF50F24E51C6
:103BC000016E4F51036E0150516F03C052F252C249
:103BD000ECFA51C2EBFA3F0E0A01ED6F0001E7EC7F
:103BE00018F001500201505DD8A403D0000102EF8B
:103BF0001EF00001720EF66E0F0EF76E000EF86EDC
:103C0000DCEC11F002014E51E16E4F51E26E010EFB
:103C1000EA6E2C0EE96E0A0E016E0001E6CFEEFF91
:103C2000012E0EEF1EF00A0E02014E25E16E000E6F
:103C30004F21E26E010EEA6E360EE96E0A0E016E3B
:103C40000001E6CFEEFF012E21EF1EF0140E02015F
:103C50004E25E16E000E4F21E26E010EEA6E400E1F
:103C6000E96E0A0E016E0001E6CFEEFF012E34EF81
:103C70001EF01E0E02014E25E16E000E4F21E26E77
:103C8000010EEA6E4A0EE96E0A0E016E0001E6CFE1
:103C9000EEFF012E47EF1EF0280E02014E25E16EC9
:103CA000000E4F21E26E010EEA6E540EE96E0A0E0E
:103CB000016E0001E6CFEEFF012E5AEF1EF0320E2C
:103CC00002014E25E16E000E4F21E26E010EEA6EFA
:103CD0005E0EE96E0A0E016E0001E6CFEEFF012EC8
:103CE0006DEF1EF01DEC19F0A00EF66E0F0EF76EC4
:103CF000000EF86EDCEC11F0120082C100F083C1FE
:103D000001F084C102F085C103F012000B010351E0
:103D1000000A0001D8B493EF1EF0010AD8B4C7EF2F
:103D20001EF0FBEF1EF00B010C6B0B6B00010B0187
:103D30000C510A5DD8B003D00001C5EF1EF00001A0
:103D4000D8A4ACEF1EF00B0109510B5DD8A003D035
:103D50000001C5EF1EF000010B0107510B25E96EB4
:103D600008510C21EA6EEFCF0FFB0FCB25FB080E9D
:103D7000266F010E276F0001F9EC15F00B010B2BDC
:103D8000D8B40C2B000197EF1EF0FDEF1EF00B01D5
:103D90000E6B0D6B00010B010E510A5DD8B003D004
:103DA0000001F9EF1EF00001D8A4E0EF1EF00B01B6
:103DB00009510D5DD8A003D00001F9EF1EF00001FC
:103DC0000B0107510D25E96E08510E21EA6EEFCF68
:103DD0000FFB0FCB25FB080E266F010E276F00018E
:103DE00029EC16F00B010D2BD8B40E2B0001CBEFF4
:103DF0001EF0FDEF1EF0FDEF1EF012000B0103514F
:103E0000000A0001D8B40BEF1FF0010AD8B462EF2A
:103E10001FF0B9EF1FF00B010E6B00010B010951F0
:103E20000E5DD8A003D000012EEF1FF000010B01A2
:103E30000E510725E96E000E0821EA6EEFCF14FB44
:103E400014CB25FB080E266F010E276F0001F9EC3D
:103E500015F00B010E2B00010EEF1FF00B01106B84
:103E60000F6B00010B0110510D5DD8B003D00001A4
:103E700060EF1FF00001D8A447EF1FF00B010C51B9
:103E80000F5DD8A003D0000160EF1FF000010B010F
:103E90000A510F25E96E0B511021EA6EEFCF14FB8A
:103EA00014CB25FB080E266F010E276F0001F9ECDD
:103EB00015F00B010F2BD8B4102B000132EF1FF0BF
:103EC000BBEF1FF00B01116B00010B010951115DDC
:103ED000D8A003D0000185EF1FF000010B011151A4
:103EE0000725E96E000E0821EA6EEFCF14FB14CB14
:103EF00025FB080E266F010E276F000129EC16F036
:103F00000B01112B000165EF1FF00B01136B126BFE
:103F100000010B0113510D5DD8B003D00001B7EFC4
:103F20001FF00001D8A49EEF1FF00B010C51125D91
:103F3000D8A003D00001B7EF1FF000010B010A5118
:103F40001225E96E0B511321EA6EEFCF14FB14CB4F
:103F500025FB080E266F010E276F000129EC16F0D5
:103F60000B01122BD8B4132B000189EF1FF0BBEF0C
:103F70001FF0BBEF1FF01200050E0B01076F05CB02
:103F800009FB0A6B0F0E0C6F890E0B6F0001CFEC53
:103F900015F005CB09FB0B010A6B0F0E0C6F920E8F
:103FA0000B6F0001CFEC15F006CB0CFB05CB0BFB28
:103FB00004CB0AFB03CB09FB0B0E0B010E6F070EA4
:103FC0000D6F106B010E0F6F0B0E126F080E116F3D
:103FD000166B156B146B010E136F000159EC16F084
:103FE00005CB09FB010E0B010A6F0F0E0C6F890E3A
:103FF0000B6F0001CFEC15F005CB09FB0B010A6B31
:104000000F0E0C6F920E0B6F0001CFEC15F00B0131
:104010000851016E000112000A01EC53D8B403D01C
:104020000001CDEF20F00001060E0A01F76F00013C
:10403000020E0A01F86FF1CA04FBF2CA05FB0B017C
:10404000066B076B0451006E016A026A036A00C0C6
:10405000F9FAF0CA04FBF1CA05FBF2CA06FB076BCA
:104060000451006E016A026A036A00C0FAFA0A018A
:10407000EF51006E016A026A036A00C0FBFAEDCAE2
:1040800009FB0B010A6B0F0E0C6F890E0B6F000101
:10409000CFEC15F0EDCA09FB0B010A6B0F0E0C6F8C
:1040A000920E0B6F0001CFEC15F0EECA06FBEDCAC5
:1040B00005FBECCA04FBEBCA03FB0A0E0B01086FFD
:1040C000F70E076F0A6B010E096F000186EC1EF0F8
:1040D000EDCA09FB010E0B010A6F0F0E0C6F890E62
:1040E0000B6F0001CFEC15F0EDCA09FB0B010A6B59
:1040F0000F0E0C6F920E0B6F0001CFEC15F0EDCA96
:1041000009FB0B010A6B0F0E0C6F890E0B6F000180
:10411000CFEC15F0EDCA09FB0B010A6B0F0E0C6F0B
:10412000920E0B6F0001CFEC15F0EECA06FBEDCA44
:1041300005FBECCA04FBEBCA03FB0A0E0B01086F7C
:10414000F80E076F040E096FF4CA0BFBF3CA0AFBE3
:10415000F6CA0DFBF5CA0CFB0001FEEC1EF0020EC8
:10416000006E002EFED70000EDCA09FB010E0B0108
:104170000A6F0F0E0C6F890E0B6F0001CFEC15F05C
:10418000EDCA09FB0B010A6B0F0E0C6F920E0B6F41
:104190000001CFEC15F099EF21F00A01EC2D02D0CF
:1041A00004D00001000199EF21F00001060E0A0180
:1041B000FC6F0001120E0A01FD6FF2CA04FB0B0135
:1041C000056B066B076B0451006E016A026A036A95
:1041D00000C0FEFAF1CA04FBF2CA05FB066B076BCE
:1041E0000451006E016A026A036A00C0FFFAF0CA55
:1041F00004FBF1CA05FBF2CA06FB076B0451006E13
:10420000016A026A036A00C000FB0A01EF51006EF6
:10421000016A026A036A00C001FBEDCA09FB0B01D7
:104220000A6B0F0E0C6F890E0B6F0001CFEC15F0AF
:10423000EDCA09FB0B010A6B0F0E0C6F920E0B6F90
:104240000001CFEC15F0EECA06FBEDCA05FBECCA87
:1042500004FBEBCA03FB0A0E0B01086FFC0E076F91
:104260000A6B010E096F000186EC1EF0EDCA09FB16
:10427000010E0B010A6F0F0E0C6F890E0B6F000100
:10428000CFEC15F0EDCA09FB0B010A6B0F0E0C6F9A
:10429000920E0B6F0001CFEC15F0EDCA09FB0B017C
:1042A0000A6B0F0E0C6F890E0B6F0001CFEC15F02F
:1042B000EDCA09FB0B010A6B0F0E0C6F920E0B6F10
:1042C0000001CFEC15F0EECA06FBEDCA05FBECCA07
:1042D00004FBEBCA03FB0A0E0B01086FFD0E076F10
:1042E000050E096FF4CA0BFBF3CA0AFBF6CA0DFBF5
:1042F000F5CA0CFB0001FEEC1EF0020E006E002E53
:10430000FED70000EDCA09FB010E0B010A6F0F0E6C
:104310000C6F890E0B6F0001CFEC15F0EDCA09FB95
:104320000B010A6B0F0E0C6F920E0B6F0001CFEC9E
:1043300015F00B01026B0001EECA06FBEDCA05FB8E
:10434000ECCA04FBEBCA03FBBCEC1FF00150010BF1
:104350000108D8A4B7EF21F0010E0B01036F000193
:10436000C5EC11F00B01022B00019CEF21F01200B3
:104370000A0153514008D8B403D000017BEF22F06A
:1043800000010A015453D8B403D000017BEF22F09E
:1043900000010A0150510C0DF350EC6BEB6FECCAAD
:1043A00003F0EB51000173EC00F0006E0900F5CF53
:1043B00001F00900F5CF02F00900F5CF03F003C0CA
:1043C000F0FA02C0EFFA01C0EEFA00C0EDFA0A01FD
:1043D00050510A0DF350F26BF16F220EF125E96E88
:1043E000010EF221EA6EEFCF00F0ECCF01F0ECCF3E
:1043F00002F0ECCF03F0ED52ED52ED520050ED25FE
:10440000556F0150EE21566F0250EF21576F035048
:10441000F021586F000115C1EEFA14C1EDFA13C175
:10442000ECFA12C1EBFA58CAF2FA57CAF1FA56CAB4
:10443000F0FA55CAEFFA52CAF4FA51CAF3FA54CA5A
:10444000F6FA53CAF5FA0CEC20F00A0150510A0DA5
:10445000F350EC6BEB6F220EEB25E96E010EEC21B5
:10446000EA6E5351EF24006E5451EC20016E000EA1
:10447000EC20026E000EEC20036EED52ED52ED5278
:1044800000C0EFFF01C0ECFF02C0ECFF03C0ECFF77
:10449000ED52ED52ED5250510A0DF350EC6BEB6FB3
:1044A000040EEB25016E000EEC21036E0150220F6D
:1044B000E96E010E0320EA6E5351EF24006E545151
:1044C000EC20016E000EEC20026E000EEC20036E5C
:1044D000ED52ED52ED5200C0EFFF01C0ECFF02C003
:1044E000ECFF03C0ECFFED52ED52ED5200015DEF29
:1044F00026F096EF25F00A0150510A0DF350EC6BAF
:10450000EB6F080EEB25016E000EEC21036E0150DF
:10451000220FE96E010E0320EA6EEF505325EB6F78
:10452000000E5421EC6FEB513F08D8B403D00001CA
:10453000F5EF23F000010A01EC53D8B403D00001D9
:10454000F5EF23F000010A0150510A0DF350EC6B16
:10455000EB6F080EEB25016E000EEC21036E01508F
:10456000220FE96E010E0320EA6EEF50FF0A400FA2
:10457000596F00010A0EEA6E5A0EE96E006A026A6D
:1045800059CA01F014EC12F00A0150510C0DF3500D
:10459000EC6BEB6FECCA03F0EB51000173EC00F035
:1045A000006E0900F5CF01F00900F5CF02F0090017
:1045B000F5CF03F003C0F0FA02C0EFFA01C0EEFA43
:1045C00000C0EDFA0A0150510A0DF350F26BF16F81
:1045D000220EF125E96E010EF221EA6EEFCF00F016
:1045E000ECCF01F0ECCF02F0ECCF03F0ED52ED5246
:1045F000ED520050ED259A6F0150EE219B6F025055
:10460000EF219C6F0350F0219D6F15C1EEFA14C18C
:10461000EDFA13C1ECFA12C1EBFA9DCAF2FA9CCA88
:10462000F1FA9BCAF0FA9ACAEFFA0A0EF46F5A0E20
:10463000F36FF66B59CAF5FA00010CEC20F00A0191
:1046400059519A25EB6F000E9B21EC6F000E9C21B7
:10465000ED6F000E9D21EE6F400EEB5F000EEC5BE8
:10466000000EED5B000EEE5B010EEB5DDD6F000EEC
:10467000EC59DE6F000EED59DF6F000EEE59E06F62
:1046800015C1EEFA14C1EDFA13C1ECFA12C1EBFA3E
:10469000E0CAF2FADFCAF1FADECAF0FADDCAEFFACE
:1046A0000A0EF46F9E0EF36FF86BF76BF66B3F0E0E
:1046B000F56F0001D7EC17F00A0E0A01EC6F9E0EA1
:1046C000EB6F3F0EED6F0001E7EC18F001C0E1FA6F
:1046D0000A0159519A27000E9B23000E9C23000EBD
:1046E0009D2315C1EEFA14C1EDFA13C1ECFA12C103
:1046F000EBFA9DCAF2FA9CCAF1FA9BCAF0FA9ACA7E
:10470000EFFA0A0EF46FE10EF36FF66B010EF56F20
:1047100000010CEC20F00A0150510A0DF350EC6B33
:10472000EB6F220EEB25E96E010EEC21EA6E010E15
:104730005925EF24006E000EEC20016E000EEC20D7
:10474000026E000EEC20036EED52ED52ED5200C0F1
:10475000EFFF01C0ECFF02C0ECFF03C0ECFFED5225
:10476000ED52ED5250510A0DF350EC6BEB6F040E0D
:10477000EB25016E000EEC21036E0150220FE96E55
:10478000010E0320EA6E010E5925EF24006E000E83
:10479000EC20016E000EEC20026E000EEC20036E89
:1047A000ED52ED52ED5200C0EFFF01C0ECFF02C030
:1047B000ECFF03C0ECFFED52ED52ED5250510A0DEB
:1047C000F350EC6BEB6F080EEB25016E000EEC2145
:1047D000036E0150220FE96E010E0320EA6EEF6AAC
:1047E00000015DEF26F096EF25F00A0150510A0D09
:1047F000F350EC6BEB6F080EEB25016E000EEC2115
:10480000036E0150220FE96E010E0320EA6EEF5095
:104810005325EB6F000E5421EC6FEB513F08D8B4D9
:1048200003D0000196EF25F000010A01EC53D8B443
:1048300003D0000196EF25F000010A0150510C0D44
:10484000F350EC6BEB6FECCA03F0EB51000173EC2F
:1048500000F0006E0900F5CF01F00900F5CF02F07D
:104860000900F5CF03F003C0F0FA02C0EFFA01C06F
:10487000EEFA00C0EDFA0A0150510A0DF350F26B46
:10488000F16F220EF125E96E010EF221EA6EEFCFF3
:1048900000F0ECCF01F0ECCF02F0ECCF03F0ED52E2
:1048A000ED52ED520050ED25E26F0150EE21E36F25
:1048B0000250EF21E46F0350F021E56F000115C1B4
:1048C000EEFA14C1EDFA13C1ECFA12C1EBFAE5CA23
:1048D000F2FAE4CAF1FAE3CAF0FAE2CAEFFA52CA0B
:1048E000F4FA51CAF3FA54CAF6FA53CAF5FA0CECC0
:1048F00020F00A0150510A0DF350EC6BEB6F220EC1
:10490000EB25E96E010EEC21EA6E5351EF24006EA7
:104910005451EC20016E000EEC20026E000EEC20D3
:10492000036EED52ED52ED5200C0EFFF01C0ECFFFF
:1049300002C0ECFF03C0ECFFED52ED52ED525051BE
:104940000A0DF350EC6BEB6F040EEB25016E000EBD
:10495000EC21036E0150220FE96E010E0320EA6E76
:104960005351EF24006E5451EC20016E000EEC20E8
:10497000026E000EEC20036EED52ED52ED5200C0BF
:10498000EFFF01C0ECFF02C0ECFF03C0ECFFED52F3
:10499000ED52ED5252CAECFA51CAEBFA53CAEDFA93
:1049A0000001E7EC18F001C0E6FA0A0150510C0DC5
:1049B000F350EC6BEB6FECCA03F0EB51000173ECBE
:1049C00000F0006E0900F5CF01F00900F5CF02F00C
:1049D0000900F5CF03F003C0F0FA02C0EFFA01C0FE
:1049E000EEFA00C0EDFA0A0150510A0DF350F26BD5
:1049F000F16F220EF125E96E010EF221EA6EEFCF82
:104A000000F0ECCF01F0ECCF02F0ECCF03F0ED5270
:104A1000ED52ED520050ED25E26F0150EE21E36FB3
:104A20000250EF21E46F0350F021E56F15C1EEFA5B
:104A300014C1EDFA13C1ECFA12C1EBFAE5CAF2FAAD
:104A4000E4CAF1FAE3CAF0FAE2CAEFFA0A0EF46F26
:104A5000E60EF36FF66B010EF56F00010CEC20F023
:104A60000A0150510A0DF350EC6BEB6F220EEB254F
:104A7000E96E010EEC21EA6E010EEF24006E000ECD
:104A8000EC20016E000EEC20026E000EEC20036E96
:104A9000ED52ED52ED5200C0EFFF01C0ECFF02C03D
:104AA000ECFF03C0ECFFED52ED52ED5250510A0DF8
:104AB000F350EC6BEB6F040EEB25016E000EEC2156
:104AC000036E0150220FE96E010E0320EA6E010E03
:104AD000EF24006E000EEC20016E000EEC20026E42
:104AE000000EEC20036EED52ED52ED5200C0EFFFD0
:104AF00001C0ECFF02C0ECFF03C0ECFFED52ED5231
:104B0000ED5250510A0DF350EC6BEB6F080EEB2594
:104B1000016E000EEC21036E0150220FE96E010EB2
:104B20000320EA6EEF6A00015DEF26F00A015051A2
:104B30000C0DF350EC6BEB6FECCA03F0EB51000182
:104B400073EC00F0006E0900F5CF01F00900F5CF1D
:104B500002F00900F5CF03F003C0F0FA02C0EFFA4B
:104B600001C0EEFA00C0EDFA0A0150510A0DF350EF
:104B7000F26BF16F220EF125E96E010EF221EA6E61
:104B8000EFCF00F0ECCF01F0ECCF02F0ECCF03F070
:104B9000ED52ED52ED520050ED25E76F0150EE2140
:104BA000E86F0250EF21E96F0350F021EA6F15C161
:104BB000EEFA14C1EDFA13C1ECFA12C1EBFAEACA2B
:104BC000F2FAE9CAF1FAE8CAF0FAE7CAEFFA52CA09
:104BD000F4FA51CAF3FA54CAF6FA53CAF5FA0001C4
:104BE0000CEC20F00A0150510A0DF350EC6BEB6F06
:104BF000220EEB25E96E010EEC21EA6E5351EF24F3
:104C0000006E5451EC20016E000EEC20026E000E7E
:104C1000EC20036EED52ED52ED5200C0EFFF01C0EB
:104C2000ECFF02C0ECFF03C0ECFFED52ED52ED5281
:104C300050510A0DF350EC6BEB6F040EEB25016E37
:104C4000000EEC21036E0150220FE96E010E0320CD
:104C5000EA6E5351EF24006E5451EC20016E000EA9
:104C6000EC20026E000EEC20036EED52ED52ED5280
:104C700000C0EFFF01C0ECFF02C0ECFF03C0ECFF7F
:104C8000ED52ED52ED5250510A0DF350EC6BEB6FBB
:104C9000080EEB25016E000EEC21036E0150220F71
:104CA000E96E010E0320EA6EEF505325016E000EEF
:104CB0005421036E0150EF6E000112000A0E0A012A
:104CC000D76F960ED66FD651016ED751036E015035
:104CD000D86F03C0D9FAD9CAEAFFD8CAE9FF006A77
:104CE000026A400E016E000114EC12F00A01D65166
:104CF000E96ED751EA6E010EE26E2C0EE16E0A0EDD
:104D0000016E0001E6CFEEFF012E82EF26F00A0EC3
:104D10000A01D625E96E000ED721EA6E010EE26E79
:104D2000360EE16E0A0E016E0001E6CFEEFF012E97
:104D300095EF26F0140E0A01D625E96E000ED72154
:104D4000EA6E010EE26E400EE16E0A0E016E000187
:104D5000E6CFEEFF012EA8EF26F01E0E0A01D625A3
:104D6000E96E000ED721EA6E010EE26E4A0EE16E88
:104D70000A0E016E0001E6CFEEFF012EBBEF26F01A
:104D8000280E0A01D625E96E000ED721EA6E010E23
:104D9000E26E540EE16E0A0E016E0001E6CFEEFFE8
:104DA000012ECEEF26F0320E0A01D625E96E000E56
:104DB000D721EA6E010EE26E5E0EE16E0A0E016E02
:104DC0000001E6CFEEFF012EE1EF26F03F0E0A01D3
:104DD000D625016E000ED721036E0150D86F03C097
:104DE000D9FAD651016ED751036E0150DA6F03C064
:104DF000DBFADBCAECFADACAEBFA3F0EED6F000120
:104E0000E7EC18F0D9CAEAFFD8CAE9FF01C0EFFF02
:104E1000960E016E0A0E026EA2EF28F00A0191535F
:104E2000D8B403D00001C1EF27F00001060E0A013B
:104E3000986F0001200E0A01996F96CAA5FA97CAC9
:104E4000A6FAA76BA86BA551006E016A026A036AF5
:104E500000C09AFA95CAA5FA96CAA6FA97CAA7FAFE
:104E6000A86BA551006E016A026A036A00C09BFA32
:104E70009451006E016A026A036A00C09CFA92CAE9
:104E800009FB0B010A6B0F0E0C6F890E0B6F0001F3
:104E9000CFEC15F092CA09FB0B010A6B0F0E0C6FD9
:104EA000920E0B6F0001CFEC15F093CA06FB92CA6D
:104EB00005FB91CA04FB90CA03FB0A0E0B01086FA5
:104EC000980E076F0A6B010E096F000186EC1EF049
:104ED00092CA09FB010E0B010A6F0F0E0C6F890EAF
:104EE0000B6F0001CFEC15F092CA09FB0B010A6BA6
:104EF0000F0E0C6F920E0B6F0001CFEC15F092CAE3
:104F000009FB0B010A6B0F0E0C6F890E0B6F000172
:104F1000CFEC15F092CA09FB0B010A6B0F0E0C6F58
:104F2000920E0B6F0001CFEC15F093CA06FB92CAEC
:104F300005FB91CA04FB90CA03FB0A0E0B01086F24
:104F4000990E076F0A6B040E096F000186EC1EF0C4
:104F500092CA09FB010E0B010A6F0F0E0C6F890E2E
:104F60000B6F0001CFEC15F092CA09FB0B010A6B25
:104F70000F0E0C6F920E0B6F0001CFEC15F081EF4E
:104F800028F00A01912D02D004D00001000181EF28
:104F900028F00001060E0A019D6F0001210E0A0192
:104FA0009E6F97CAA5FAA66BA76BA86BA551006E5A
:104FB000016A026A036A00C09FFA96CAA5FA97CAF4
:104FC000A6FAA76BA86BA551006E016A026A036A74
:104FD00000C0A0FA95CAA5FA96CAA6FA97CAA7FA77
:104FE000A86BA551006E016A026A036A00C0A1FAAB
:104FF0009451006E016A026A036A00C0A2FA92CA62
:1050000009FB0B010A6B0F0E0C6F890E0B6F000171
:10501000CFEC15F092CA09FB0B010A6B0F0E0C6F57
:10502000920E0B6F0001CFEC15F093CA06FB92CAEB
:1050300005FB91CA04FB90CA03FB0A0E0B01086F23
:105040009D0E076F0A6B010E096F000186EC1EF0C2
:1050500092CA09FB010E0B010A6F0F0E0C6F890E2D
:105060000B6F0001CFEC15F092CA09FB0B010A6B24
:105070000F0E0C6F920E0B6F0001CFEC15F092CA61
:1050800009FB0B010A6B0F0E0C6F890E0B6F0001F1
:10509000CFEC15F092CA09FB0B010A6B0F0E0C6FD7
:1050A000920E0B6F0001CFEC15F093CA06FB92CA6B
:1050B00005FB91CA04FB90CA03FB0A0E0B01086FA3
:1050C0009E0E076F0A6B050E096F000186EC1EF03D
:1050D00092CA09FB010E0B010A6F0F0E0C6F890EAD
:1050E0000B6F0001CFEC15F092CA09FB0B010A6BA4
:1050F0000F0E0C6F920E0B6F0001CFEC15F081EFCD
:1051000028F00A01A36B000193CA06FB92CA05FBB3
:1051100091CA04FB90CA03FBBCEC1FF00150010BC9
:105120000108D8A49FEF28F0010E0B01036F0001C6
:10513000C5EC11F00A01A32B000184EF28F0120046
:105140005EEF26F002C003F00150E16E03C0E2FF03
:105150000A0EEA6E4E0EE96E400E016EE6CFEEFFCD
:10516000012EAEEF28F00A0E0A018F6F4E0E8E6FE1
:1051700015C193FA14C192FA13C191FA12C190FAAF
:10518000976B966B956B946B00010EEC27F00A0100
:105190008E51016E8F51036E0150906F03C091FAD2
:1051A00015C1EEFA14C1EDFA13C1ECFA12C1EBFA13
:1051B000F26BF16BF06BEF6B91CAF4FA90CAF3FAF1
:1051C000F66B400EF56F00010CEC20F01200020EA1
:1051D0000201186F110E176F18C2EAFF17C2E9FF1C
:1051E000006A026A060E016E000114EC12F0020160
:1051F0001751016E1851036E01501A6F03C01BF254
:1052000000017DEC1EF01BC2EAFF1AC2E9FF00C0DC
:10521000EFFF01C0ECFF02C0ECFF03C0ECFFED525A
:10522000ED52ED52040E02011725E96E000E182111
:10523000EA6E0FC2EFFF050E1725E96E000E18216A
:10524000EA6E10C2EFFFA00EF66E060EF76E000EAD
:10525000F86E0001DCEC11F00201196B0001020193
:1052600019510508D8B003D0000155EF29F000010D
:10527000020119511725E96E000E1821EA6EEFCFD1
:105280001AF21AC2E8F9370E0901E96F00010FECB2
:1052900013F0200EA6AC4AEF29F00E01F96F0001C1
:1052A0000201192B00012FEF29F00D0EA6AC56EFCD
:1052B00029F00E01F96F0A0E0001A6AC5DEF29F08E
:1052C0000E01F96F02011751016E1851036E015062
:1052D0001A6F03C01BF2010E0A01506F1BC252FA73
:1052E0001AC251FA546B060E536F0001B8EC21F04C
:1052F000A0EC28F01200170E946E8B861200170E89
:10530000946E8B8A120001019953D8A403D0000136
:1053100090EF29F00001170E946E8B9E93EF29F009
:10532000170E946E8B8E45EF9BF00101B86BB86B36
:105330000001010E0101B75DB85DD8A003D00001E6
:10534000BEEF29F000010101B851B525E96E000E4C
:10535000B621EA6EEF50AA08D8B403D00001B9EF25
:1053600029F00001010E0101B825016E0001E7EFEF
:1053700029F00101B82B000199EF29F00101B85182
:10538000B525E96E000EB621EA6EEF50AA08D8B432
:1053900003D00001DBEF29F000012E0EF66E040EA3
:1053A000F76E000EF86EDCEC11F0FF0E016EE7EF09
:1053B00029F0E7EF29F0440EF66E040EF76E000EAA
:1053C000F86EDCEC11F0FF0E016EE7EF29F07EEFD6
:1053D0002BF00101B66B00010101B6510308D8B0F2
:1053E00003D0000123EF2AF00001D8900101B63567
:1053F000B86BB76F1A0EB725E96E010EB821EA6EC9
:10540000EF50B55DD8B403D000011EEF2AF00001C3
:10541000D8900101B635B86BB76F010EB725016E94
:10542000000EB821036E01501A0FE96E010E032021
:10543000EA6EEF50016E000146EF2AF00101B62B33
:105440000001ECEF29F0560EF66E040EF76E000E1A
:10545000F86E1F0E0A014E6F0001F7EC11F0B5C196
:10546000E8F9370E0901E96F00010FEC13F00D0E9A
:10547000A6AC38EF2AF00E01F96F0A0E0001A6ACB7
:105480003FEF2AF00E01F96FFF0E016E0001A6EF4B
:105490002BF0010E0101B75DB525E96E000EB621B6
:1054A000EA6EEFCFB8F1010EB75DBA6FB6C1ECFA94
:1054B000B5C1EBFABAC1EDFA0001E7EC18F001C092
:1054C000B9F10101B951B85DD8B403D0000170EF52
:1054D0002AF00001010E016EBFEF2AF0BFEF2AF0A3
:1054E0007A0EF66E040EF76E000EF86EDCEC11F01C
:1054F0008C0EF66E040EF76E000EF86E130E0A0197
:105500004E6F0001F7EC11F0B8C1E8F9370E090150
:10551000E96F00010FEC13F00D0EA6AC8DEF2AF031
:105520000E01F96F0A0E0001A6AC94EF2AF00E01ED
:10553000F96FA40EF66E040EF76E000EF86E130EE1
:105540000A014E6F0001F7EC11F0B9C1E8F9370E0E
:105550000901E96F00010FEC13F00D0EA6ACAEEFE0
:105560002AF00E01F96F0A0E0001A6ACB5EF2AF081
:105570000E01F96F000E016E0001BFEF2AF0C4EFBB
:105580002BF00101B6510C08D8B403D00001D0EFC4
:105590002AF00001010E016E1FEF2BF01FEF2BF020
:1055A000BC0EF66E040EF76E000EF86EDCEC11F019
:1055B000DE0EF66E040EF76E000EF86E130E0A0184
:1055C0004E6F0001F7EC11F0B6C1E8F9370E090192
:1055D000E96F00010FEC13F00D0EA6ACEDEF2AF011
:1055E0000E01F96F0A0E0001A6ACF4EF2AF00E01CD
:1055F000F96FF60EF66E040EF76E000EF86E130ECF
:105600000A014E6F0001F7EC11F00C0E0901E86F72
:10561000370EE96F00010FEC13F00D0EA6AC0EEF84
:105620002BF00E01F96F0A0E0001A6AC15EF2BF05E
:105630000E01F96F000E016E00011FEF2BF0DFEF7E
:105640002BF00101A26BA36BA46BA56BA66BA76BE0
:10565000A86BA96BAA6BAB6BAC6BAD6BE40EF66E73
:10566000030EF76E000EF86E0001DCEC11F0040E74
:10567000F66E040EF76E000EF86EDCEC11F0010110
:10568000AE6B00010101A151AE5DD8A003D00001B5
:1056900068EF2BF000010101AE519F25E96E000E6D
:1056A000A021EA6EEFCFB5F1B5C1E8F9370E0901D7
:1056B000E96F00010FEC13F0200EA6AC5DEF2BF0AC
:1056C0000E01F96F00010101AE2B000142EF2BF03A
:1056D0000D0EA6AC69EF2BF00E01F96F0A0E00015A
:1056E000A6AC70EF2BF00E01F96FA0C1B6F19FC10F
:1056F000B5F1A1C1B7F1000195EF29F001C0AFF1FB
:105700000101AF51FF08D8B403D000018FEF2BF097
:105710000001A20E016E010E026E20EF2CF00101BD
:10572000AF519F25016E000EA021036E0150B06F96
:1057300003C0B1F1B051E96EB151EA6EEF500F0BF9
:10574000B26FB2C1B5F10001E9EF29F001C0B3F1C8
:105750000101B351FF08D8B403D00001B7EF2BF01B
:105760000001A20E016E010E026E20EF2CF001016D
:10577000AF51A15DB46FB1C1B6F1B0C1B5F1B4C163
:10578000B7F1000149EF2AF00152D8A4CEEF2BF077
:10579000A20E016E010E026E20EF2CF00101B0513D
:1057A000E96EB151EA6EEF50F00B006E0038B56F44
:1057B0000F0EB517B5C1B6F10001C1EF2AF00152C5
:1057C000D8A4E9EF2BF0A20E016E010E026E20EFBD
:1057D0002CF0B2C1A2F1010E0101B025016E000E44
:1057E000B121036E0150B56F03C0B6F1020EB45D76
:1057F000B76F010EEA6EA50EE96EB6C1E2FFB5C144
:10580000E1FFB751016ED8A403D000010EEF2CF0D8
:105810000001E6CFEEFF012E09EF2CF0020E010190
:10582000B45DA36FA481120EF66E040EF76E000E27
:10583000F86E0001DCEC11F0A20E016E010E026E9A
:105840005AEF9BF013C203F002011251E96E03C03C
:10585000EAFFEFCF14F211C2EAFF10C2E9FF006ABB
:10586000026A14C201F0000114EC12F013C203F03A
:1058700002011251E96E03C0EAFFEF6A0001120053
:10588000A6A840EF2CF00F01296F000161EF2CF06A
:105890000201296B000102012851295DD8A003D023
:1058A000000166EF2CF00001020129512625E96E66
:1058B000000E2721EA6EEFCF2BF22B51000140EFB3
:1058C0002CF00201292B00014BEF2CF00E0EF66E8E
:1058D000050EF76E000EF86EDCEC11F002012A6B7B
:1058E0000001020128512A5DD8A003D0000197EFE2
:1058F0002CF0000102012A512625E96E000E272115
:10590000EA6EEFCF2BF22BC2E8F9370E0901E96FEF
:1059100000010FEC13F0200EA6AC8CEF2CF00E0162
:10592000F96F000102012A2B000171EF2CF00D0E1E
:10593000A6AC98EF2CF00E01F96F0A0E0001A6AC90
:105940009FEF2CF00E01F96F0001F0EF2CF0AA0E82
:105950000201146F10515009156F020EEA6E160EF7
:10596000E96E12C2E2FF11C2E1FF1351016ED8A429
:1059700003D00001C2EF2CF00001E6CFEEFF012EB4
:10598000BDEF2CF0020E02011325246F036A24518F
:10599000140F016E020E03220150266F03C027F27E
:1059A000010E245D286F020E0A01EC6F150EEB6FDD
:1059B00028C2EDFA0001E7EC18F027C2EAFF26C280
:1059C000E9FF01C0EFFF010E02012425256F020E41
:1059D000276F140E266F25C228F2000148EF2CF025
:1059E00012000F0E0201106F126B116B136B00018E
:1059F000A7EC2CF012000101F653D8B403D000013B
:105A0000B0EF2DF00001060E0101FD6F0001D80E70
:105A10000101FE6FFBC10AF2FCC10BF202010C6B2B
:105A20000D6B0A51006E016A026A036A00C0FFF141
:105A3000FAC10AF2FBC10BF2FCC10CF20D6B0A5168
:105A4000006E016A026A036A00C000F20101F951A6
:105A5000006E016A026A036A00C001F2F7C109FB25
:105A60000B010A6B0F0E0C6F890E0B6F0001CFEC50
:105A700015F0F7C109FB0B010A6B0F0E0C6F920EAC
:105A80000B6F0001CFEC15F0F8C106FBF7C105FB69
:105A9000F6C104FBF5C103FB010E0B01086FFD0EFF
:105AA000076F0A6B010E096F000186EC1EF0F7C14B
:105AB00009FB010E0B010A6F0F0E0C6F890E0B6FA5
:105AC0000001CFEC15F0F7C109FB0B010A6B0F0EBB
:105AD0000C6F920E0B6F0001CFEC15F0F7C109FBB4
:105AE0000B010A6B0F0E0C6F890E0B6F0001CFECD0
:105AF00015F0F7C109FB0B010A6B0F0E0C6F920E2C
:105B00000B6F0001CFEC15F0F8C106FBF7C105FBE8
:105B1000F6C104FBF5C103FB010E0B01086FFE0E7D
:105B2000076F0A6B040E096F000186EC1EF0F7C1C7
:105B300009FB010E0B010A6F0F0E0C6F890E0B6F24
:105B40000001CFEC15F0F7C109FB0B010A6B0F0E3A
:105B50000C6F920E0B6F0001CFEC15F071EF2EF071
:105B60000101F62D02D004D00001000171EF2EF0EA
:105B70000001060E0201026F0001DC0E0201036F3C
:105B8000FCC10AF20B6B0C6B0D6B0A51006E016AC3
:105B9000026A036A00C004F2FBC10AF2FCC10BF204
:105BA0000C6B0D6B0A51006E016A026A036A00C039
:105BB00005F2FAC10AF2FBC10BF2FCC10CF20D6B4B
:105BC0000A51006E016A026A036A00C006F201010E
:105BD000F951006E016A026A036A00C007F2F7C158
:105BE00009FB0B010A6B0F0E0C6F890E0B6F000186
:105BF000CFEC15F0F7C109FB0B010A6B0F0E0C6F10
:105C0000920E0B6F0001CFEC15F0F8C106FBF7C147
:105C100005FBF6C104FBF5C103FB020E0B01086F87
:105C2000020E076F0A6B010E096F000186EC1EF071
:105C3000F7C109FB010E0B010A6F0F0E0C6F890EE5
:105C40000B6F0001CFEC15F0F7C109FB0B010A6BDC
:105C50000F0E0C6F920E0B6F0001CFEC15F0F7C119
:105C600009FB0B010A6B0F0E0C6F890E0B6F000105
:105C7000CFEC15F0F7C109FB0B010A6B0F0E0C6F8F
:105C8000920E0B6F0001CFEC15F0F8C106FBF7C1C7
:105C900005FBF6C104FBF5C103FB020E0B01086F07
:105CA000030E076F0A6B050E096F000186EC1EF0EC
:105CB000F7C109FB010E0B010A6F0F0E0C6F890E65
:105CC0000B6F0001CFEC15F0F7C109FB0B010A6B5C
:105CD0000F0E0C6F920E0B6F0001CFEC15F071EFF1
:105CE0002EF00201086B0001F8C106FBF7C105FBAD
:105CF000F6C104FBF5C103FBBCEC1FF00150010B26
:105D00000108D8A4ABEF2EF0020108510A08D8A070
:105D100003D0000195EF2EF00001C80E0B01036FB8
:105D20000001C5EC11F09BEF2EF00A0E0B01036F82
:105D30000001C5EC11F0020108516408D8A003D09D
:105D40000001A6EF2EF00001ABEF2EF00201082BB0
:105D5000000174EF2EF012002A0EF66E1C0EF76E84
:105D6000000EF86EDCEC11F00101CA51E96ECB5166
:105D7000EA6EEFCFCCF1CCC10FF20201106B000143
:105D8000E7EC28F00101D06BCF6BCE6BCD6B00013F
:105D90000101D053D8B403D000010BEF2FF0000164
:105DA0000101CF51BC08D8B003D000010BEF2FF098
:105DB0000001D8A4F1EF2EF00101CE510F08D8B0A8
:105DC00003D000010BEF2FF00001D8A4F1EF2EF06B
:105DD0000101CD51FE08D8B003D000010BEF2FF028
:105DE000000115C1F8F114C1F7F113C1F6F112C1A8
:105DF000F5F1D0C1FCF1CFC1FBF1CEC1FAF1CDC1BB
:105E0000F9F1FBEC2CF0010E0101CF27000ED0239D
:105E10000001C8EF2EF0CCC10FF2020110690001A1
:105E2000E7EC28F0420EF66E1C0EF76E000EF86ED0
:105E3000DCEC11F01200580EF66E1C0EF76E000E20
:105E4000F86EDCEC11F00101AF51E96EB051EA6E71
:105E5000EFCFB1F1010EAF25E96E000EB021EA6E71
:105E6000EF50B96BB86BB76BB66FB6C1B9F1B66B23
:105E7000B76BB86B020EAF25E96E000EB021EA6E6B
:105E8000EF50BE6BBD6BBC6BBB6FBCC103F0BBC145
:105E900002F0006A016A0050B6130150B7130250B5
:105EA000B8130350B913030EAF25E96E000EB021ED
:105EB000EA6EEF50BE6BBD6BBC6BBB6FBDC103F038
:105EC000BCC102F0BBC101F0006A0050B613015022
:105ED000B7130250B8130350B913040EAF25E96E7F
:105EE000000EB021EA6EEF50006E016A026A036A8A
:105EF0000050B611B26F0150B711B36F0250B81114
:105F0000B46F0350B911B56F760EF66E1C0EF76EB6
:105F1000000EF86E130E0A014E6F0001F7EC11F03F
:105F2000B5C1E8F9370E0901E96F00010FEC13F074
:105F3000B4C1E8F9370E0901E96F00010FEC13F065
:105F4000B3C1E8F9370E0901E96F00010FEC13F056
:105F5000B2C1E8F9370E0901E96F00010FEC13F047
:105F60000D0EA6ACB1EF2FF00E01F96F0A0E000175
:105F7000A6ACB8EF2FF00E01F96FB1C10FF202011C
:105F8000106B0001E7EC28F015C1F8F114C1F7F12E
:105F900013C1F6F112C1F5F1B5C1FCF1B4C1FBF1C9
:105FA000B3C1FAF1B2C1F9F1FBEC2CF0B1C10FF2BF
:105FB000020110690001E7EC28F0920EF66E1C0E4B
:105FC000F76E000EF86EDCEC11F0CDEF80F0AE0E47
:105FD000F66E1C0EF76E000EF86EDCEC11F001018F
:105FE000AF51E96EB051EA6EEFCFB1F1010EAF25BE
:105FF000E96E000EB021EA6EEF50B96BB86BB76B6B
:10600000B66FB6C1B9F1B66BB76BB86B020EAF2500
:10601000E96E000EB021EA6EEF50BE6BBD6BBC6B3B
:10602000BB6FBCC103F0BBC102F0006A016A005043
:10603000B6130150B7130250B8130350B913030E2F
:10604000AF25E96E000EB021EA6EEF50BE6BBD6B5E
:10605000BC6BBB6FBDC103F0BCC102F0BBC101F0A2
:10606000006A0050B6130150B7130250B813035022
:10607000B913040EAF25E96E000EB021EA6EEF50A1
:10608000006E016A026A036A0050B611B26F0150D5
:10609000B711B36F0250B811B46F0350B911B56F97
:1060A000D40EF66E1C0EF76E000EF86E160E0A0178
:1060B0004E6F0001F7EC11F0B5C1E8F9370E090198
:1060C000E96F00010FEC13F0B4C1E8F9370E0901D4
:1060D000E96F00010FEC13F0B3C1E8F9370E0901C5
:1060E000E96F00010FEC13F0B2C1E8F9370E0901B6
:1060F000E96F00010FEC13F00D0EA6AC7DEF30F050
:106100000E01F96F0A0E0001A6AC84EF30F00E010B
:10611000F96FB1C10FF20201106B0001E7EC28F03A
:1061200015C193FA14C192FA13C191FA12C190FAEF
:10613000B5C197FAB4C196FAB3C195FAB2C194FA4F
:106140000EEC27F0B1C10FF2020110690001E7EC7B
:1061500028F0F20EF66E1C0EF76E000EF86EDCECF8
:1061600011F0D5EF80F0160EF66E1D0EF76E000ED4
:10617000F86EDCEC11F00101AF51E96EB051EA6E3E
:10618000EFCFB1F1010EAF25E96E000EB021EA6E3E
:10619000EF50B96BB86BB76BB66FB6C1B9F1B66BF0
:1061A000B76BB86B020EAF25E96E000EB021EA6E38
:1061B000EF50BE6BBD6BBC6BBB6FBCC103F0BBC112
:1061C00002F0006A016A0050B6130150B713025082
:1061D000B8130350B913030EAF25E96E000EB021BA
:1061E000EA6EEF50BE6BBD6BBC6BBB6FBDC103F005
:1061F000BCC102F0BBC101F0006A0050B6130150EF
:10620000B7130250B8130350B913040EAF25E96E4B
:10621000000EB021EA6EEF50006E016A026A036A56
:106220000050B611B26F0150B711B36F0250B811E0
:10623000B46F0350B911B56F3C0EF66E1D0EF76EBC
:10624000000EF86E160E0A014E6F0001F7EC11F009
:10625000B5C1E8F9370E0901E96F00010FEC13F041
:10626000B4C1E8F9370E0901E96F00010FEC13F032
:10627000B3C1E8F9370E0901E96F00010FEC13F023
:10628000B2C1E8F9370E0901E96F00010FEC13F014
:106290000D0EA6AC49EF31F00E01F96F0A0E0001A8
:1062A000A6AC50EF31F00E01F96FB1C10FF202014F
:1062B000106B0001E7EC28F0B1C10FF20201106988
:1062C0000001E7EC28F05A0EF66E1D0EF76E000E78
:1062D000F86EDCEC11F0DDEF80F0D8B274EF31F045
:1062E000020EEA6E1A0EE96E006A016A026A036A19
:1062F00002011A6B1B6B1C6B1D6B195118111711C6
:106300001611D8A403D00001CEEF31F00001200E09
:1063100002011E6F0001D8900201123713371437A3
:1063200015371A371B371C371D3719511D5DD8B467
:1063300003D00001ADEF31F018511C5DD8B403D08B
:106340000001ADEF31F017511B5DD8B403D000014F
:10635000ADEF31F016511A5D0001D8A0C1EF31F058
:10636000020116511A5F1751D8A0173D1B5F185133
:10637000D8A0183D1C5F1951D8A0193D1D5FD880C9
:106380000001003601360236033602011E2F02D00C
:1063900004D0000100018BEF31F000011AC2EFFFC1
:1063A0001BC2ECFF1CC2ECFF1DC2ECFFED52ED5214
:1063B000ED521200E95002010A6F3B0E116F9A0E66
:1063C000106FCA0E0F6F0E6B0A0E0C6F0001D88291
:1063D000020EEA6E060EE96E09C215F208C214F248
:1063E00007C213F206C212F211C219F210C218F259
:1063F0000FC217F20EC216F26DEC31F001500052CE
:10640000D8A42DEF32F002010C51010AD8A403D018
:1064100000012DEF32F00A51D8A403D0000130EF73
:1064200032F00F0B0C5DD8A403D000011EEF32F048
:10643000D8A003D0000139EF32F0000102010AAF09
:1064400003D0000139EF32F00AAD03D0000130EF84
:1064500032F0200E000131EF32F002010A6B000130
:10646000300E00260050A6AC33EF32F00E01F96F6B
:106470000001D89211C215F210C214F20FC213F229
:106480000EC212F20201196B186B176B0A0E166F0F
:1064900000016DEC31F003C011F202C010F201C036
:1064A0000FF200C00EF202010C2F02D004D0000146
:1064B0000001E7EF31F0000112007E0EF66E1D0EB6
:1064C000F76E000EF86EDCEC11F00101AF51E96ED1
:1064D000B051EA6EEFCF05F205C20FF20201106B68
:1064E0000001E7EC28F00101B16BB26BB36BB46B48
:1064F000B56BB66BB76BAF51E96EB051EA6EEFCFCB
:10650000B1F1010EAF25E96E000EB021EA6EEF5039
:106510000201086B076B066B056F05C208F2056B7D
:10652000066B076B020E0101AF25E96E000EB0216C
:10653000EA6EEF5002010D6B0C6B0B6B0A6F0BC216
:1065400003F00AC202F0006A016A0050051301500C
:1065500006130250071303500813030E0101AF2561
:10656000E96E000EB021EA6EEF5002010D6B0C6B6C
:106570000B6B0A6F0CC203F00BC202F00AC201F0EF
:10658000006A005005130150061302500713035010
:106590000813040E0101AF25E96E000EB021EA6E6A
:1065A000EF50006E016A026A036A00500201051191
:1065B0000101B26F0150020106110101B36F0250D7
:1065C000020107110101B46F03500201081101011A
:1065D000B56F070EAF25E96E000EB021EA6EEF50E1
:1065E0000201066B056F05C206F2056B080E01017C
:1065F000AF25E96E000EB021EA6EEF50036A02018A
:1066000005110101B66F0350020106110101B76FB8
:10661000980EF66E1D0EF76E000EF86E0C0E0A0147
:106620004E6F0001F7EC11F0B1C1E8F9370E090126
:10663000E96F00010FEC13F00D0EA6AC1DEF33F067
:106640000E01F96F0A0E0001A6AC24EF33F00E0123
:10665000F96FAC0EF66E1D0EF76E000EF86E0E0E94
:106660000A014E6F0001F7EC11F0B5C1E8F9370EE1
:106670000901E96F00010FEC13F0B4C1E8F9370E1E
:106680000901E96F00010FEC13F0B3C1E8F9370E0F
:106690000901E96F00010FEC13F0B2C1E8F9370E00
:1066A0000901E96F00010FEC13F00D0EA6AC56EFD7
:1066B00033F00E01F96F0A0E0001A6AC5DEF33F066
:1066C0000E01F96FC20EF66E1D0EF76E000EF86E1B
:1066D0000E0E0A014E6F0001F7EC11F0B7C1E8F998
:1066E000370E0901E96F00010FEC13F0B6C1E8F9AC
:1066F000370E0901E96F00010FEC13F00D0EA6AC87
:106700007FEF33F00E01F96F0A0E0001A6AC86EFA1
:1067100033F00E01F96FB1C10FF20201106B0001ED
:10672000E7EC28F0D80EF66E1D0EF76E000EF86E30
:10673000DCEC11F00101F96BF86B00010101F9517A
:10674000B75DD8B003D0000163EF35F00001D8A4E5
:10675000B3EF33F00101B651F85DD8A003D00001CA
:1067600063EF35F000010101F835FA6FF935FB6F81
:10677000FA37FB37FA37FB37FA37FB37FA37FB378D
:10678000FA37FB37C00EFA17FC6B00010101FC5110
:106790003F08D8B003D0000103EF34F00001036AD2
:1067A0000101FC51B80FE96E010E0320EA6EFC51A5
:1067B000FA250201076F000E0101FB210201086F9B
:1067C0000751006E036A0050EF6E036A0101FC512D
:1067D000B80FE96E010E0320EA6EEFCF05F205C295
:1067E000E8F9370E0901E96F00010FEC13F0200EF4
:1067F000A6ACF8EF33F00E01F96F00010101FC2B9C
:106800000001C6EF33F00101F835026EF935036E71
:1068100002360336023603360236033602360336B4
:1068200002360336C00E02160250B225FD6F035029
:10683000B321FE6F000EB421FF6F000EB5210201DF
:10684000006F0053D8B403D000013EEF34F00001D4
:106850000101FF51BB08D8A003D00001A9EF34F01B
:106860000001FF0AD8A43EEF34F00101FE510F08E9
:10687000D8A003D00001A9EF34F00001E60EF66EB7
:106880001D0EF76E000EF86E1A0E0A014E6F000113
:10689000F7EC11F000C2E8F9370E0901E96F0001C9
:1068A0000FEC13F0FFC1E8F9370E0901E96F0001A1
:1068B0000FEC13F0FEC1E8F9370E0901E96F000192
:1068C0000FEC13F0FDC1E8F9370E0901E96F000183
:1068D0000FEC13F0050EF66E1E0EF76E000EF86E3E
:1068E000160E0A014E6F0001F7EC11F00901E86B7A
:1068F000370EE96F00010FEC13F0BC0E0901E86FD1
:10690000370EE96F00010FEC13F00F0E0901E86F6D
:10691000370EE96F00010FEC13F00901E869370E3B
:10692000E96F00010FEC13F0200EF66E1E0EF76EED
:10693000000EF86E0B0E0A014E6F0001F7EC11F01D
:10694000B1C10FF2020110690001E7EC28F063EF1A
:1069500035F03F0E0101FD250201056F000E01011A
:10696000FE210201066F000E0101FF210201076FE7
:10697000000E0021086F0853D8B403D00001D8EFEF
:1069800034F0000102010751BB08D8A003D0000178
:1069900041EF35F00001FF0AD8A4D8EF34F002012E
:1069A00006510F08D8A003D0000141EF35F00001D7
:1069B000FF0ED8800101FD550201056F0F0E010188
:1069C000FE550201066FBC0E0101FF550201076F63
:1069D000000E0055086F010E0525016F000E0621FF
:1069E000026F000E0721036F000E0821046F0001E3
:1069F0002C0EF66E1E0EF76E000EF86E250E0A01B6
:106A00004E6F0001F7EC11F0410EE96E04C209F27D
:106A100003C208F202C207F201C206F2DAEC31F058
:106A2000540EF66E1E0EF76E000EF86E1C0E0A0166
:106A30004E6F0001F7EC11F015C1EEFA14C1EDFA3A
:106A400013C1ECFA12C1EBFA00C2F2FAFFC1F1FA7B
:106A5000FEC1F0FAFDC1EFFA010E0A01F46FB80EA3
:106A6000F36F02C2F6FA01C2F5FA00010CEC20F055
:106A7000B1C10FF2020110690001E7EC28F063EFE9
:106A800035F015C1EEFA14C1EDFA13C1ECFA12C1DA
:106A9000EBFA00C2F2FAFFC1F1FAFEC1F0FAFDC151
:106AA000EFFA010E0A01F46FB80EF36FF66B400EA9
:106AB000F56F00010CEC20F00101F82BD8B4F92B94
:106AC00000019EEF33F0B1C10FF202011069000125
:106AD000E7EC28F00D0EA6AC6BEF35F00E01F96F68
:106AE0000A0E0001A6AC72EF35F00E01F96F720EBE
:106AF000F66E1E0EF76E000EF86E0001DCEC11F063
:106B0000E5EF80F0BCC209FB010E0B010A6F0F0E0E
:106B10000C6F890E0B6F0001CFEC15F0BCC209FBA6
:106B20000B010A6B0F0E0C6F920E0B6F0001CFEC76
:106B300015F012008A0EF66E1E0EF76E000EF86E3D
:106B4000DCEC11F00101AF51E96EB051EA6EEFCF0C
:106B5000B5F1B5C10FF20201106B0001E7EC28F0AE
:106B600015C1BDF214C1BCF213C1BBF212C1BAF21D
:106B700082EC35F00101B46BB36BB26BB16BAF510A
:106B8000E96EB051EA6EEFCFB5F1B5C10FF2020177
:106B900010690001E7EC28F0B00EF66E1E0EF76EDD
:106BA000000EF86EDCEC11F0EDEF80F0D40EF66E16
:106BB0001E0EF76E000EF86EDCEC11F00101B16BE9
:106BC000B26BB36BB46BB56BB66BB76BAF51E96EB1
:106BD000B051EA6EEFCFB1F1010EAF25E96E000EB4
:106BE000B021EA6EEF500201096B086B076B066F6C
:106BF00006C203F0006A016A026A000ED8800054DF
:106C0000066F000E0154076F000E0254086F000E4D
:106C10000354096F020E0101AF25E96E000EB02189
:106C2000EA6EEF5002010E6B0D6B0C6B0B6F0CC21A
:106C300003F00BC202F0006A016A00500613015013
:106C400007130250081303500913030E0101AF2567
:106C5000E96E000EB021EA6EEF5002010E6B0D6B73
:106C60000C6B0B6F0DC203F00CC202F00BC201F0F3
:106C7000006A005006130150071302500813035016
:106C80000913040E0101AF25E96E000EB021EA6E72
:106C9000EF50006E016A026A036A00500201061199
:106CA0000101B46F0150020107110101B56F0250DB
:106CB000020108110101B66F03500201091101011F
:106CC000B76F060EAF25E96E000EB021EA6EEF50E9
:106CD0000201076B066F06C207F2066B070E010181
:106CE000AF25E96E000EB021EA6EEF50036A020193
:106CF00006110101B26F0350020107110101B36FC8
:106D0000B1C10FF20201106B0001E7EC28F0E80EB0
:106D1000F66E1E0EF76E000EF86E0C0E0A014E6F28
:106D20000001F7EC11F0B1C1E8F9370E0901E96F84
:106D300000010FEC13F00D0EA6AC9CEF36F00E0127
:106D4000F96F0A0E0001A6ACA3EF36F00E01F96F41
:106D5000FC0EF66E1E0EF76E000EF86E0E0E0A0199
:106D60004E6F0001F7EC11F0B7C1E8F9370E0901D9
:106D7000E96F00010FEC13F0B6C1E8F9370E090115
:106D8000E96F00010FEC13F0B5C1E8F9370E090106
:106D9000E96F00010FEC13F0B4C1E8F9370E0901F7
:106DA000E96F00010FEC13F00D0EA6ACD5EF36F035
:106DB0000E01F96F0A0E0001A6ACDCEF36F00E01F1
:106DC000F96F120EF66E1F0EF76E000EF86E0E0EB5
:106DD0000A014E6F0001F7EC11F0B3C1E8F9370E6C
:106DE0000901E96F00010FEC13F0B2C1E8F9370EA9
:106DF0000901E96F00010FEC13F00D0EA6ACFEEFD8
:106E000036F00E01F96F0A0E0001A6AC05EF37F05F
:106E10000E01F96FB1C10FF20201106B0001E7EC36
:106E200028F00101B86BB96BBA6BBB6BBC6BBD6B67
:106E3000BE6BBF6BC06BC16BC26BC36BC46BC56BEE
:106E4000C66BC76BC86BC96BCA6BCB6BCC6BCD6B9E
:106E5000CE6BCF6BD06BD16BD26BD36BD46BD56B4E
:106E6000D66BD76BD86BD96BDA6BDB6BDC6BDD6BFE
:106E7000DE6BDF6BE06BE16BE26BE36BE46BE56BAE
:106E8000E66BE76BE86BE96BEA6BEB6BEC6BED6B5E
:106E9000EE6BEF6BF06BF16BF26BF36BF46BF56B0E
:106EA000F66BF76B280EF66E1F0EF76E000EF86E7F
:106EB0000001DCEC11F015C153F214C152F213C100
:106EC00051F212C150F273EC17F00152D8A47AEFCC
:106ED00037F0360EF66E1F0EF76E000EF86EDCEC15
:106EE00011F0B1C10FF2020110690001E7EC28F0C6
:106EF000D6EF39F00101FF6BFE6BFD6BFC6B0001FF
:106F00000101FF53D8B403D00001C7EF39F00001ED
:106F10000101FE53D8B403D00001C7EF39F00001DE
:106F20000101FD51B35DD8B003D00001C7EF39F0C6
:106F30000001D8A4A5EF37F00101B251FC5DD8A043
:106F400003D00001C7EF39F000010101FC35006EEC
:106F5000FD35016EFE35026EFF35036E00360136DB
:106F60000236033600360136023603360036013665
:106F70000236033600360136023603360036013655
:106F800002360336C00E00160050B425F86F0150CB
:106F9000B521F96F0250B621FA6F0350B721FB6F8C
:106FA000FB53D8B403D00001EDEF37F0000101012D
:106FB000FA51BB08D8A003D0000151EF38F000010E
:106FC000FF0AD8A4EDEF37F00101F9510F08D8A05E
:106FD00003D0000151EF38F00001580EF66E1F0E7D
:106FE000F76E000EF86E170E0A014E6F0001F7ECF7
:106FF00011F0FBC1E8F9370E0901E96F00010FEC50
:1070000013F0FAC1E8F9370E0901E96F00010FEC3E
:1070100013F0F9C1E8F9370E0901E96F00010FEC2F
:1070200013F0F8C1E8F9370E0901E96F00010FEC20
:1070300013F0740EF66E1F0EF76E000EF86E160E3D
:107040000A014E6F0001F7EC11F00901E86B370EF1
:10705000E96F00010FEC13F0BC0E0901E86F370E69
:10706000E96F00010FEC13F00F0E0901E86F370E06
:10707000E96F00010FEC13F00901E869370EE96FC1
:1070800000010FEC13F08F0EF66E1F0EF76E000E60
:10709000F86E0A0E0A014E6F0001F7EC11F0C7EF0F
:1070A00039F03F0E0101F8250201066F000E0101C3
:1070B000F9210201076F000E0101FA210201086F98
:1070C000000E0101FB210201096F0953D8B403D05E
:1070D000000182EF38F0000102010851BB08D8A07E
:1070E00003D000013AEF39F00001FF0AD8A482EF83
:1070F00038F0020107510F08D8A003D000013AEF81
:1071000039F00001FF0ED8800101F8550201066F29
:107110000F0E0101F9550201076FBC0E0101FA556E
:107120000201086F000E0101FB550201096F010EFB
:107130000625006F000E0721016F000E0821026F67
:10714000000E0921036F00019A0EF66E1F0EF76EF6
:10715000000EF86E220E0A014E6F0001F7EC11F0DE
:10716000410EE96E03C209F202C208F201C207F23F
:1071700000C206F2DAEC31F0BF0EF66E1F0EF76EAB
:10718000000EF86E090E0A014E6F0001F7EC11F0C7
:1071900015C1EEFA14C1EDFA13C1ECFA12C1EBFA03
:1071A000FBC1F2FAFAC1F1FAF9C1F0FAF8C1EFFA4B
:1071B000010E0A01F46FB80EF36F03C2F8FA02C2AF
:1071C000F7FA01C2F6FA00C2F5FA0001D7EC17F09F
:1071D0000201046B000102010353D8B403D0000183
:1071E0000CEF39F0000102010253D8B403D00001C2
:1071F0000CEF39F0000102010153D8B403D00001B3
:107200000CEF39F0000102010051045DD8A003D059
:1072100000012AEF39F00001036A02010451B80F9E
:10722000E96E010E0320EA6EEFCF06F206C2E8F91E
:10723000370E0901E96F00010FEC13F0200EA6AC28
:107240001FEF39F00E01F96F00010201042B00015C
:10725000EBEF38F00D0EA6AC2BEF39F00E01F96F05
:107260000A0E0001A6AC32EF39F00E01F96F0001F1
:10727000C7EF39F015C1EEFA14C1EDFA13C1ECFAFB
:1072800012C1EBFAFBC1F2FAFAC1F1FAF9C1F0FA54
:10729000F8C1EFFA010E0A01F46FB80EF36FF86B44
:1072A000F76BF66B400EF56F0001D7EC17F0FBC1E2
:1072B000E8F9370E0901E96F00010FEC13F0FAC18C
:1072C000E8F9370E0901E96F00010FEC13F0F9C17D
:1072D000E8F9370E0901E96F00010FEC13F0F8C16E
:1072E000E8F9370E0901E96F00010FEC13F0CF0E3A
:1072F000F66E1F0EF76E000EF86E030E0A014E6F4B
:107300000001F7EC11F00201056B000102010551CB
:107310003F08D8B003D00001ADEF39F00001036A97
:1073200002010551B80FE96E010E0320EA6EEFCF9E
:1073300006F206C2E8F9370E0901E96F00010FEC09
:1073400013F0200EA6ACA2EF39F00E01F96F000188
:107350000201052B000186EF39F00D0EA6ACAEEF51
:1073600039F00E01F96F0A0E0001A6ACB5EF39F045
:107370000E01F96F0001010E0101FC27D8B0FD2BB1
:10738000D8B4FE2BD8B4FF2B000180EF37F0B1C189
:107390000FF2020110690001E7EC28F0D40EF66E3E
:1073A0001F0EF76E000EF86EDCEC11F0F5EF80F0BA
:1073B000E60EF66E1F0EF76E000EF86EDCEC11F0A6
:1073C00015C1BDF214C1BCF213C1BBF212C1BAF2B5
:1073D00082EC35F00101B46BB36BB26BB16B15C1CC
:1073E000EEFA14C1EDFA13C1ECFA12C1EBFAB4C112
:1073F000F2FAB3C1F1FAB2C1F0FAB1C1EFFA010E7B
:107400000A01F46FB50EF36FF86BF76BF66B040EB1
:10741000F56F0001D7EC17F0020EF66E200EF76E36
:10742000000EF86E0B0E0A014E6F0001F7EC11F022
:10743000B5C1E8F9370E0901E96F00010FEC13F04F
:10744000200EA6AC21EF3AF00E01F96FB6C1E8F9B3
:10745000370E0901E96F00010FEC13F0200EA6AC06
:107460002FEF3AF00E01F96FB7C1E8F9370E0901B5
:10747000E96F00010FEC13F0200EA6AC3DEF3AF0DF
:107480000E01F96FB8C1E8F9370E0901E96F000183
:107490000FEC13F00D0EA6AC4BEF3AF00E01F96FA6
:1074A0000A0E0001A6AC52EF3AF00E01F96F240E5D
:1074B000F66E200EF76E000EF86E0001DCEC11F097
:1074C000FDEF80F03C0EF66E210EF76E000EF86EAA
:1074D000DCEC11F00101CA51E96ECB51EA6EEFCF3D
:1074E0000EF20EC20FF20201106B0001E7EC28F061
:1074F000010EEA6ECC0EE96E006A026A400E016E61
:1075000014EC12F00D0EA6AC83EF3AF00E01F96FF9
:107510000A0E0001A6AC8AEF3AF00E01F96F010ED7
:107520000A01EC6FCC0EEB6F3F0EED6F0001E7EC44
:1075300018F001C00BF202010C6B000102010C51AA
:107540003F08D8B003D00001C5EF3AF00001036A4C
:1075500002010C51CC0FE96E010E0320EA6EEFCF51
:107560000EF20EC2E8F9370E0901E96F00010FECC7
:1075700013F0200EA6ACBAEF3AF00E01F96F00013D
:1075800002010C2B00019EEF3AF00D0EA6ACC6EFE7
:107590003AF00E01F96F0A0E0001A6ACCDEF3AF0F9
:1075A0000E01F96F15C1EEFA14C1EDFA13C1ECFA30
:1075B00012C1EBFA0A01F26BF16BF06BEF6B010E8B
:1075C000F46FCC0EF36FF66B400EF56F00010CEC10
:1075D00020F0010EEA6ECC0EE96E006A026A400EDF
:1075E000016E14EC12F015C1EEFA14C1EDFA13C1DC
:1075F000ECFA12C1EBFA0A01F26BF16BF06BEF6B74
:10760000010EF46FCC0EF36FF86BF76BF66B400E58
:10761000F56F0001D7EC17F0010E0A01EC6FCC0EEC
:10762000EB6F3F0EED6F0001E7EC18F001C00BF2BD
:1076300002010D6B000102010D513F08D8B003D0CB
:10764000000142EF3BF00001036A02010D51CC0F33
:10765000E96E010E0320EA6EEFCF0EF20EC2E8F9DA
:10766000370E0901E96F00010FEC13F0200EA6ACF4
:1076700037EF3BF00E01F96F000102010D2B000105
:107680001BEF3BF021EC1DF00101CA51E96ECB511B
:10769000EA6EEFCF0EF20EC20FF202011069000186
:1076A000E7EC28F0580EF66E210EF76E000EF86E1D
:1076B000DCEC11F07EEF3BF03E0EF66E200EF76E26
:1076C000000EF86EDCEC11F00101C851E96EC951F1
:1076D000EA6EEFCFCAF1CAC10FF20201106B0001CE
:1076E000E7EC28F0C9C1CBF1C8C1CAF1ACEC2EF06F
:1076F000C9C1CBF1C8C1CAF162EF3AF05C0EF66EB7
:10770000200EF76E000EF86EDCEC11F01200780E11
:10771000F66E200EF76E000EF86EDCEC11F015C15F
:10772000BDF214C1BCF213C1BBF212C1BAF282ECB9
:1077300035F019C1BDF218C1BCF217C1BBF216C1B8
:10774000BAF282EC35F00101AF51E96EB051EA6E48
:10775000EFCFB1F1B56BB46BB36BB26BB96BB86B08
:10776000100EB76FB66B15C1EEFA14C1EDFA13C166
:10777000ECFA12C1EBFAB5C1F2FAB4C1F1FAB3C135
:10778000F0FAB2C1EFFA010E0A01F46FBA0EF36F0C
:10779000F86BF76B010EF66FF56B0001D7EC17F085
:1077A00019C1EEFA18C1EDFA17C1ECFA16C1EBFADD
:1077B000B9C1F2FAB8C1F1FAB7C1F0FAB6C1EFFA3D
:1077C000010E0A01F46FBA0EF36F010EF66FF56B3E
:1077D00000010CEC20F0900EF66E200EF76E000EFD
:1077E000F86EDCEC11F00DEF81F0A60EF66E200EB7
:1077F000F76E000EF86EDCEC11F0010E0101AF2502
:10780000E96E000EB021EA6EEF50FB6BFA6BF96B7C
:10781000F86FF8C1FBF1F86BF96BFA6B020EAF254C
:10782000E96E000EB021EA6EEF500201006B01011B
:10783000FF6BFE6BFD6FFEC103F0FDC102F0006A3D
:10784000016A0050F8130150F9130250FA13035063
:10785000FB13030EAF25E96E000EB021EA6EEF5068
:107860000201006B0101FF6BFE6BFD6FFFC103F0B6
:10787000FEC102F0FDC101F0006A0050F813015092
:10788000F9130250FA130350FB13040EAF25E96EEF
:10789000000EB021EA6EEF50006E016A026A036AC0
:1078A0000050F811B16F0150F911B26F0250FA1186
:1078B000B36F0350FB11B46F060EAF25E96E000ED7
:1078C000B021EA6EEF50F96BF86FF8C1F9F1F86B7F
:1078D000070EAF25E96E000EB021EA6EEF50036A85
:1078E000F811B56F0350F911B66FBE0EF66E200E8B
:1078F000F76E000EF86E0E0E0A014E6F0001F7ECE7
:1079000011F0B4C1E8F9370E0901E96F00010FEC7D
:1079100013F0B3C1E8F9370E0901E96F00010FEC6C
:1079200013F0B2C1E8F9370E0901E96F00010FEC5D
:1079300013F0B1C1E8F9370E0901E96F00010FEC4E
:1079400013F00D0EA6ACA2EF3CF00E01F96F0A0E7B
:107950000001A6ACA9EF3CF00E01F96FD40EF66E53
:10796000200EF76E000EF86E0E0E0A014E6F00012B
:10797000F7EC11F0B6C1E8F9370E0901E96F000123
:107980000FEC13F0B5C1E8F9370E0901E96F0001FA
:107990000FEC13F00D0EA6ACCBEF3CF00E01F96F1F
:1079A0000A0E0001A6ACD2EF3CF00E01F96FEA0E10
:1079B000F66E200EF76E000EF86E0001DCEC11F092
:1079C0000101B553D8B403D00001F0EF3CF0000141
:1079D0000101B653D8A403D0000154EF3DF00001DB
:1079E00019C1EEFA18C1EDFA17C1ECFA16C1EBFA9B
:1079F000B4C1F2FAB3C1F1FAB2C1F0FAB1C1EFFA0F
:107A0000010E0A01F46FB70EF36FF86BF76BF66BAC
:107A1000400EF56F0001D7EC17F00101F76B000184
:107A20000101F7513F08D8B003D0000137EF3DF016
:107A30000001036A0101F751B70FE96E010E03203F
:107A4000EA6EEFCFF8F1F8C1E8F9370E0901E96FF6
:107A500000010FEC13F0200EA6AC2CEF3DF00E0150
:107A6000F96F00010101F72B000110EF3DF00D0E41
:107A7000A6AC38EF3DF00E01F96F0A0E0001A6AC7E
:107A80003FEF3DF00E01F96F400E0101B127000EEE
:107A9000B223000EB323000EB423B551D8B4B607F9
:107AA000B5070001E0EF3CF0F60EF66E200EF76E23
:107AB000000EF86EDCEC11F015EF81F00E0EF66E94
:107AC000210EF76E000EF86EDCEC11F019C1BDF25C
:107AD00018C1BCF217C1BBF216C1BAF282EC35F084
:107AE0000101B46BB36BB26BB16B19C1F8F118C182
:107AF000F7F117C1F6F116C1F5F1B4C1FCF1B3C14C
:107B0000FBF1B2C1FAF1B1C1F9F10001FBEC2CF0CB
:107B1000260EF66E210EF76E000EF86EDCEC11F0FC
:107B20001DEF81F0AC0EF66E060EF76E000EF86ECD
:107B3000DCEC11F0060E0101F86FAA0EF76FF66B80
:107B4000F56B00010101F8510708D8B003D000011E
:107B5000EBEF3DF00001D8A4CFEF3DF00101F7516C
:107B60004908D8B003D00001EBEF3DF00001D8A4E4
:107B7000CFEF3DF00101F6510F08D8B003D000015E
:107B8000EBEF3DF00001D8A4CFEF3DF00101F5513E
:107B9000FE08D8B003D00001EBEF3DF0000119C1A1
:107BA00093FA18C192FA17C191FA16C190FAF8C166
:107BB00097FAF7C196FAF6C195FAF5C194FA0EEC68
:107BC00027F0100E0101F627000EF723000EF82310
:107BD0000001A2EF3DF00101F96BFA6BFB6BFC6B4E
:107BE000FD6BFE6BFF6B0201006B016B026B036BA5
:107BF000046B056B066B076B086B096B0A6B0B6BF1
:107C00000C6B0D6B0E6B0F6B106B116B126B136BA0
:107C1000146B156B166B176B186B196B1A6B1B6B50
:107C20001C6B1D6B1E6B1F6B206B216B226B236B00
:107C3000246B256B266B276B286B296B2A6B2B6BB0
:107C40002C6B2D6B2E6B2F6B306B316B326B336B60
:107C5000346B356B366B376B386B010E0A01EC6F8A
:107C6000F90EEB6F3F0EED6F0001E7EC18F001C06D
:107C700038F219C1EEFA18C1EDFA17C1ECFA16C1C3
:107C8000EBFA060E0A01F26FAA0EF16FF06BEF6BC2
:107C9000010EF46FF90EF36FF66B400EF56F0001F5
:107CA0000CEC20F01200280EF66E220EF76E000E7D
:107CB000F86EDCEC11F00101AF51E96EB051EA6EE3
:107CC000EFCFF5F1F5C10FF20201106B0001E7EC07
:107CD00028F00101B16BB26BB36BB46BB56BB66BD3
:107CE000B76BB86BB96BBA6BBB6BBC6BBD6BBE6B68
:107CF000BF6BC06BC16BC26BC36BC46BC56BC66B18
:107D0000C76BC86BC96BCA6BCB6BCC6BCD6BCE6BC7
:107D1000CF6BD06BD16BD26BD36BD46BD56BD66B77
:107D2000D76BD86BD96BDA6BDB6BDC6BDD6BDE6B27
:107D3000DF6BE06BE16BE26BE36BE46BE56BE66BD7
:107D4000E76BE86BE96BEA6BEB6BEC6BED6BEE6B87
:107D5000EF6BF06B060EF46FAA0EF36FF26BF16B24
:107D600000010101F4510708D8B003D00001F8EF79
:107D70003EF00001D8A4DEEF3EF00101F3514908C6
:107D8000D8B003D00001F8EF3EF00001D8A4DEEF38
:107D90003EF00101F2510F08D8B003D00001F8EF16
:107DA0003EF00001D8A4DEEF3EF00101F151FE08E3
:107DB000D8B003D00001F8EF3EF0000119C1F8F18E
:107DC00018C1F7F117C1F6F116C1F5F1F4C1FCF1D4
:107DD000F3C1FBF1F2C1FAF1F1C1F9F1FBEC2CF0C6
:107DE000010E0101F327000EF4230001B1EF3EF074
:107DF00092EC3DF00101AF51E96EB051EA6EEFCF68
:107E0000F5F1F5C10FF2020110690001E7EC28F06D
:107E10003A0EF66E220EF76E000EF86EDCEC11F0E4
:107E200025EF81F0010E0101AF25E96E000EB021B2
:107E3000EA6EEF500201016B006B0101FF6BFE6FF8
:107E4000FEC101F2FE6BFF6B0201006B020E01012D
:107E5000AF25E96E000EB021EA6EEF500201066B0D
:107E6000056B046B036F04C203F003C202F0006AE7
:107E7000016A00500101FE130150FF13025002017C
:107E8000001303500113030E0101AF25E96E000E2C
:107E9000B021EA6EEF500201066B056B046B036FB5
:107EA00005C203F004C202F003C201F0006A0050F0
:107EB0000101FE130150FF13025002010013035091
:107EC0000113040E0101AF25E96E000EB021EA6E28
:107ED000EF50006E016A026A036A0050FE11B16F32
:107EE0000150FF11B26F0250020100110101B36F86
:107EF0000350020101110101B46F070EAF25E96EB5
:107F0000000EB021EA6EEF50FF6BFE6FFEC1FFF175
:107F1000FE6B080EAF25E96E000EB021EA6EEF5041
:107F2000036AFE11B56F0350FF11B66FB76BB86BE4
:107F3000B96BBA6BBB6BBC6BBD6BBE6BBF6BC06B05
:107F4000C16BC26BC36BC46BC56BC66BC76BC86BB5
:107F5000C96BCA6BCB6BCC6BCD6BCE6BCF6BD06B65
:107F6000D16BD26BD36BD46BD56BD66BD76BD86B15
:107F7000D96BDA6BDB6BDC6BDD6BDE6BDF6BE06BC5
:107F8000E16BE26BE36BE46BE56BE66BE76BE86B75
:107F9000E96BEA6BEB6BEC6BED6BEE6BEF6BF06B25
:107FA000F16BF26BF36BF46BF56BF66B19C153F27B
:107FB00018C152F217C151F216C150F2000173EC10
:107FC00017F00152D8A4EFEF3FF0720EF66E210EBB
:107FD000F76E000EF86EDCEC11F019EF41F08A0E2E
:107FE000F66E210EF76E000EF86EDCEC11F001015A
:107FF000AF51E96EB051EA6EEFCFFEF1FEC10FF264
:108000000201106B0001E7EC28F0A80EF66E210EBD
:10801000F76E000EF86E0E0E0A014E6F0001F7ECBF
:1080200011F0B4C1E8F9370E0901E96F00010FEC56
:1080300013F0B3C1E8F9370E0901E96F00010FEC45
:1080400013F0B2C1E8F9370E0901E96F00010FEC36
:1080500013F0B1C1E8F9370E0901E96F00010FEC27
:1080600013F00D0EA6AC32EF40F00E01F96F0A0EC0
:108070000001A6AC39EF40F00E01F96FBE0EF66EAE
:10808000210EF76E000EF86E0E0E0A014E6F000103
:10809000F7EC11F0B6C1E8F9370E0901E96F0001FC
:1080A0000FEC13F0B5C1E8F9370E0901E96F0001D3
:1080B0000FEC13F00D0EA6AC5BEF40F00E01F96F64
:1080C0000A0E0001A6AC62EF40F00E01F96FD40E6B
:1080D000F66E210EF76E000EF86E0001DCEC11F06A
:1080E0000101F86BF76B00010101F851B65DD8B0E2
:1080F00003D0000103EF41F00001D8A489EF40F064
:108100000101B551F75DD8A003D0000103EF41F0A4
:1081100000010101F735026EF835036E02360336B1
:10812000023603360236033602360336023603368B
:10813000C00E02160250B125F96F0350B221FA6F3A
:10814000000EB321FB6F000EB421FC6F000119C1BA
:10815000EEFA18C1EDFA17C1ECFA16C1EBFAFCC140
:10816000F2FAFBC1F1FAFAC1F0FAF9C1EFFA010E25
:108170000A01F46FB70EF36FF86BF76BF66B400EF6
:10818000F56F0001D7EC17F00101FD6B0001010153
:10819000FD513F08D8B003D00001EEEF40F00001E0
:1081A000036A0101FD51B70FE96E010E0320EA6E6B
:1081B000EFCFFEF1FEC1E8F9370E0901E96F0001CA
:1081C0000FEC13F0200EA6ACE3EF40F00E01F96FB8
:1081D00000010101FD2B0001C7EF40F00D0EA6AC20
:1081E000EFEF40F00E01F96F0A0E0001A6ACF6EFBA
:1081F00040F00E01F96F00010101F72BD8B4F82B04
:10820000000174EF40F0E00EF66E210EF76E000EE6
:10821000F86EDCEC11F00101AF51E96EB051EA6E7D
:10822000EFCFFEF1FEC10FF2020110690001E7EC91
:1082300028F02DEF81F0FE0EF66E210EF76E000E87
:10824000F86EDCEC11F00101AF51E96EB051EA6E4D
:10825000EFCFB1F1B1C10FF20201106B0001E7ECF9
:1082600028F0060E0101B56FAA0EB46FB36BB26BA6
:1082700000010101B5510708D8B003D0000180EF1B
:1082800041F00001D8A466EF41F00101B451490862
:10829000D8B003D0000180EF41F00001D8A466EF10
:1082A00041F00101B3510F08D8B003D0000180EFB5
:1082B00041F00001D8A466EF41F00101B251FE087F
:1082C000D8B003D0000180EF41F0000119C1F8F1EE
:1082D00018C1F7F117C1F6F116C1F5F1B5C1FCF1FE
:1082E000B4C1FBF1B3C1FAF1B2C1F9F1FBEC2CF06E
:1082F000010E0101B427000EB523000139EF41F052
:10830000B1C10FF2020110690001E7EC28F0140E70
:10831000F66E220EF76E000EF86EDCEC11F035EF03
:1083200081F00A0152515403F3CF01F0F4CF00F071
:108330005503F350002653515403F3500020026EAE
:10834000000112000101E551E96EE651EA6EEFCF3E
:10835000E7F1010EE525E96E000EE621EA6EEF5029
:10836000F36BF26FF2C1F3F1F26B020EE525E96EE9
:10837000000EE621EA6EEF50036AF211E86F035037
:10838000F311E96F030EE525E96E000EE621EA6EB2
:10839000EF50EF6BEE6F040EE525E96E000EE6215F
:1083A000EA6EEF50F36BF26FF235F06FF335F16F69
:1083B000F037F137F037F137F037F137F00EF017CB
:1083C000050EE525E96E000EE621EA6EEF50F36B2F
:1083D000F26FF235EA6FF335EB6FEA37EB37EA37D6
:1083E000EB37EA37EB37F00EEA17060EE525E96EB4
:1083F000000EE621EA6EEF50F36BF26FF3C153FA11
:10840000F2C152FA0A01556B3C0E546F000191EC17
:1084100041F002C0EDF101C0ECF1E70E016E010E7A
:10842000026E12000101E951016EEA51026E000173
:1084300037EF48F08E0E006EF4C101F0F3C102F088
:10844000036A0152D8A431EF42F002C001F0026A7F
:10845000080E005E0152D8A431EF42F0006A3BEFF3
:1084600042F0D89001BE3AEF42F0023601360006E3
:1084700031EF42F0019E13EF47F00101F751D8A40C
:1084800003D00001E6EF42F0006EFB51D8A403D008
:108490000001E6EF42F00026D8B003D0000159EF0A
:1084A00042F00001810E0026D8B0E6EF42F061EF05
:1084B00042F07F0E005ED8A0E6EF42F0D8B4E6EFBF
:1084C00042F0F8C1FFF10101FC51FF1BF88FFC8F56
:1084D000FA51FE03F4CF01F2F951FD03F4CF03F09A
:1084E000F3CF00F2FE03F35002010127F450002302
:1084F000000E03220101FA51FD03F350020101278E
:10850000F4500023000E026A032202220101F851F6
:10851000FE03F35002010027F4500322000E022252
:108520000101F851FD03F3500326F4500222000E1E
:10853000016A0122FA51FC03F35002010027F450B2
:108540000322000E022201220101F951FC03F35023
:108550000326F4500222000E0122F851FC03F350CE
:108560000226F4500122002A01AE03D00001C0EF20
:1085700042F00201003703360236013600060001E0
:10858000000E020100BF03D00001DEEF42F0032A1B
:10859000022201220150D8B403D00001DEEF42F0E4
:1085A0000250D8B403D00001DEEF42F00350D8B43B
:1085B00003D00001DEEF42F0002A00010101FFBFFD
:1085C000018EFFAF019E0001EAEF42F0006A016AEE
:1085D000026A036A2EEF47F00101F751D8A403D0D5
:1085E00000015EEF44F00201036F0101FB51D8A4CA
:1085F00003D000015EEF44F00201035FD8A003D076
:10860000000106EF43F0000111EF43F07F0E02017D
:108610000327D8A003D000015EEF44F000011FEF54
:1086200043F0810E0201035FD8B003D000015EEF7A
:1086300044F0D8A403D000015EEF44F0000103C26F
:1086400000F0016A026A036A0201026BF8C101F2DA
:10865000018FF9C100F2FAC1FFF1190E036F000199
:108660000101FE51FF5FD8A003D0000155EF43F098
:10867000010E0201005FD8A003D0000155EF43F0C6
:10868000015FD8A003D0000155EF43F0025FD8A0EE
:1086900003D0000155EF43F0022B012B002B010109
:1086A000FE51FF270001B8EF43F00101FD51020127
:1086B000005FD8A003D000018DEF43F0010E015FF1
:1086C000D8A003D000018DEF43F0025FD8A003D003
:1086D00000018DEF43F000010201022B012B01018B
:1086E000FD510201002700010101FE51FF27D8B012
:1086F00003D00001B8EF43F00201002BD8B403D03F
:108700000001B8EF43F0012BD8B403D00001B8EF5B
:1087100043F0022B0001B8EF43F00101FC51800946
:108720000201015FD8A003D00001B7EF43F0010EB2
:10873000025FD8A003D00001B7EF43F0022B010184
:10874000FC518009020101270101FD5102010027AE
:10875000D8B003D0000174EF43F0012BD8B403D09C
:10876000000174EF43F0022B000174EF43F003802B
:108770000201032F02D004D000010001C3EF43F037
:108780000001D2EF43F0D8900101FF37020100371A
:1087900001370237D890033602360136043700011C
:1087A00030EF43F0020104B103D00001E0EF43F0E9
:1087B000D89001320232033204330001E4EF43F077
:1087C0000006D8B45EEF44F0020104AF03D000010C
:1087D00039EF44F0D8900101FF370201003701372B
:1087E000023700010101FE51FF5FD8A003D0000154
:1087F0000FEF44F0010E0201005FD8A003D000018A
:108800000FEF44F0015FD8A003D000010FEF44F058
:10881000025FD8B003D000014CEF44F00001010129
:10882000FD510201005FD8A003D0000126EF44F003
:10883000010E015FD8A003D0000126EF44F0025FD3
:10884000D8B003D000014CEF44F000010101FC510D
:10885000800900010201015FD8A003D0000139EFB7
:1088600044F0010E025FD8B003D000014CEF44F099
:108870000001032AD8A44CEF44F0022AD8A44CEFFC
:1088800044F0012AD8A44CEF44F0002AD8B45EEF9B
:1088900044F0013202320332F8C103F20101FC510B
:1088A0000201031B03BF03D000015BEF44F0018E04
:1088B000000162EF44F0019E62EF44F0006A016A39
:1088C000026A036A1200800ED8A203D00101F81BCD
:1088D00000010101FD6BFE6BF4C1FCF1F851FC1BC2
:1088E000F351D8A403D000014DEF46F0FB6FFBC15C
:1088F00000F0F751D8A403D0000157EF46F0FB5F1A
:10890000D8A403D000018AEF45F0D8A003D000011D
:108910008DEF44F0000108EF45F0F8C101F20201CB
:10892000018FF9C100F2FAC1FFF100010101FE6BF4
:10893000D8900201013300330101FF33FE33FB2FD6
:1089400002D004D00001000196EF44F000010101C3
:10895000FCBF03D00001B4EF44F0FD8100016DEFD6
:1089600046F00101FD9100010101FB91FD89010E1D
:10897000EA6EF60EE96E00019DEF46F00101FD99E9
:10898000FCAF03D00001D9EF44F0FBB103D00001EC
:10899000EEEF44F00201013300330101FF33FE33F7
:1089A000002AD8A403D0000167EF46F00001EEEFE3
:1089B00044F0020101AF03D00001F6EF44F0D8907B
:1089C0000101FE37FF37020100370137002E03D0C7
:1089D000000167EF46F00001D9EF44F00101FD8D81
:1089E0000001C8EF45F00101FD9D0001F4C1FCF15B
:1089F0000101FCBF03D0000103EF45F00201018F2C
:108A000000015FEF46F00201019F00015FEF46F0B9
:108A1000F7C1FBF1FBC100F00101F351FB5FF4C1B1
:108A200001F20201018FF5C100F2F6C1FFF1000170
:108A30000101FE6BD8900201013300330101FF33C5
:108A4000FE33FB2F02D004D00001000118EF45F0E7
:108A500000010101FCBF03D0000136EF45F0FD83AA
:108A600000016DEF46F00101FD9300010101FB9152
:108A7000FD8B010EEA6EFA0EE96E00019DEF46F0E5
:108A80000101FD9BFCAF03D000015BEF45F0FBB1A2
:108A900003D0000170EF45F0020101330033010102
:108AA000FF33FE33002AD8A403D0000167EF46F05D
:108AB000000170EF45F0020101AF03D0000178EF33
:108AC00045F0D8900101FE37FF370201003701372A
:108AD000002E03D0000167EF46F000015BEF45F088
:108AE0000101FD8F0001C8EF45F00101FD9F00016C
:108AF000F8C1FCF10101FCBF03D0000185EF45F096
:108B00000201018F00015FEF46F00201019F0001A9
:108B10005FEF46F0F8C101F20201018FF9C100F2E6
:108B2000FAC1FFF10101FCBF03D00001A2EF45F043
:108B30000201019F0101FD8500016DEF46F0010179
:108B4000FD9500010101FE6BFB91010EEA6EF60E30
:108B5000E96E00019DEF46F00101FCAF03D000017A
:108B6000FAEF45F0F4C1FCF100010101FBB103D0C3
:108B70000001C8EF45F00201013300330101FF336A
:108B8000FE33002AD8A403D0000167EF46F00001AD
:108B90000101FEBF03D00001ECEF45F0FF2BD8B47C
:108BA00003D00001ECEF45F00201002BD8B403D054
:108BB0000001ECEF45F0012BD8B403D00001ECEF3D
:108BC00045F0013300330101FF33002AD8A403D05C
:108BD000000167EF46F000010101FDAD03D0000187
:108BE000F3EF44F0FDAF03D0000175EF45F0000155
:108BF0003DEF46F0800E0201011B01BF03D00001D2
:108C000009EF46F000016DEF46F0F8C1FCF126EFE8
:108C100046F0F4C1FCF102010153D8B403D00001C5
:108C200026EF46F0000102010053D8B403D0000142
:108C300026EF46F000010101FF53D8B403D0000134
:108C400026EF46F00001006A5FEF46F0020101AF37
:108C500003D000013DEF46F0D8900101FE37FF3709
:108C6000020100370137002E02D004D000010001BC
:108C700026EF46F0000167EF46F00101FCBF03D08C
:108C8000000148EF46F00201018F00015FEF46F05E
:108C90000201019F00015FEF46F0F7C100F0F8C14B
:108CA00001F2F9C100F2FAC1FFF15FEF46F0F3C142
:108CB00000F0F4C101F2F5C100F2F6C1FFF101C20A
:108CC00001F000C202F0FFC103F0DEEF46F0006ADF
:108CD000016A026A036ADEEF46F00101FE6BFF1FC4
:108CE0000201001F011F0101FE1FFE2BD8B403D09B
:108CF00000018AEF46F0FF2BD8B403D000018AEFC1
:108D000046F00201002BD8B403D000018AEF46F0F0
:108D1000012B00010101FDA103D00001B1EF44F0DE
:108D2000FDA303D0000133EF45F0FDA503D0000102
:108D30009FEF45F0000105EF46F0EF500101FF27DE
:108D4000D8B003D00001B3EF46F00201002BD8B435
:108D500003D00001B3EF46F0012BD8A403D00101EA
:108D6000FB8102010001ED52EF5002010027D8B053
:108D700003D00001C3EF46F0012BD8A403D00101BA
:108D8000FB8102010001ED52EF50EFBEC9EF46F04A
:108D9000800A02010127D8A003D00101FB81020152
:108DA0000101FDA903D00001BEEF44F0FDAB03D0EB
:108DB000000140EF45F00001ACEF45F065EF47F0F2
:108DC0008E0E006E0101F351005EF4C102F0F5C198
:108DD00001F0028E0052D8A403D00001FFEF46F04C
:108DE0000001D8900252D8A4FAEF46F00152D8B44C
:108DF000FFEF46F002320132002EF1EF46F00101A2
:108E0000F4BF03D000010BEF47F00001011E021E6A
:108E1000012AD8B4022A91EF47F0EAC1F4F1E9C17E
:108E2000F3F11AEF42F003C0F6F102C0F5F101C010
:108E3000F4F100C0F3F1F6C1FAF1F5C1F9F1F4C1B2
:108E4000F8F1F3C1F7F10101FE6B400EFD6F1C0E4E
:108E5000FC6F8A0EFB6F00013DEF42F003C0F6F19C
:108E600002C0F5F101C0F4F100C0F3F1F6C1FAF16E
:108E7000F5C1F9F1F4C1F8F1F3C1F7F10101FE6BAD
:108E8000F00EFD6F7F0EFC6F8A0EFB6F0001ECECA5
:108E900042F003C0EEF102C0EDF101C0ECF100C000
:108EA000EBF1D882EEC1F6F1EDC1F5F1ECC1F4F1D0
:108EB000EBC1F3F10101FA6B400EF96F1C0EF86F74
:108EC000890EF76F000163EF44F003C0F6F102C0B2
:108ED000F5F101C0F4F100C0F3F1F6C1FAF1F5C10A
:108EE000F9F1F4C1F8F1F3C1F7F10101FE6BFD6B8B
:108EF000200EFC6F820EFB6F0001ECEC42F003C011
:108F0000F2F102C0F1F101C0F0F100C0EFF1F2C1E5
:108F1000F6F1F1C1F5F1F0C1F4F1EFC1F3F1E0EFD9
:108F200046F00150016E0250026E1200EACFF1F1DC
:108F3000E9CFF0F10101EA39F009EC6FEC27E20F1B
:108F4000ED6F320FEF6FEA510F0BED27ED27EF2793
:108F5000E90FEE6FEE27EE27E9390F0BEE27EF272B
:108F6000EE37EF37EF1FEF37E9510F0BEF27EC37F5
:108F7000070EEB6F0A0E00010101EE07EF27D8B0D4
:108F800003D00001BCEF47F000010101ED07EE271F
:108F9000D8B003D00001C5EF47F000010101EC0794
:108FA000ED27D8B003D00001CEEF47F0000101015A
:108FB000EB07EC27D8B003D00001D7EF47F0010E44
:108FC000EA6EEB0EE96E070EF015F09D0001E92642
:108FD000000EEA22E950EF08D8A4F5EF47F0EA2C9A
:108FE000F5EF47F00101F08D0001EF50006ED8A4BD
:108FF0000EEF48F00101F0AD03D000010EEF48F094
:10900000F0A903D000011BEF48F0F0A703D0000146
:109010000EEF48F0200E000113EF48F00101F08739
:10902000F099300E000100260050A6AC15EF48F074
:109030000E01F96F0001EE500101F0BD03D00001F7
:10904000EAEF47F000011200030E0101DF25E96E8F
:10905000000EE021EA6EECCFE8F1ED52EFCFE7F140
:10906000E8C1EAF1E7C1E9F1000112EF42F002C004
:10907000E2F101C0E1F1090E0101DF25E96E000E08
:10908000E021EA6EECCFE8F1ED52EFCFE7F1E8C175
:10909000EAF1E7C1E9F100010DEC47F002C0E4F1AB
:1090A00001C0E3F1070E0101DF25E96E000EE021AA
:1090B000EA6EECCFE8F1ED52EFCFE7F1E8C1EAF16B
:1090C000E7C1E9F100010DEC47F002C0E6F101C093
:1090D000E5F18C0EF66E1A0EF76E000EF86EDCECF3
:1090E00011F00101DF51E96EE051EA6EEFCFE7F1D7
:1090F000AA0EF66E1A0EF76E000EF86E050E0A0135
:109100004E6F0001F7EC11F0E7C1E8F9370E0901E5
:10911000E96F00010FEC13F00D0EA6AC8DEF48F0D7
:109120000E01F96F0A0E0001A6AC94EF48F00E0193
:10913000F96F010E0101DF25E96E000EE021EA6EF4
:10914000ECCFE8F1ED52EFCFE7F1B60EF66E1A0E66
:10915000F76E000EF86E120E0A014E6F0001F7EC6A
:1091600011F0100EE96EE8C1EAF1E7C1E9F196EC01
:1091700047F0CB0EF66E1A0EF76E000EF86E060E66
:109180000A014E6F0001F7EC11F0D20EF66E1A0EC6
:10919000F76E000EF86E120E0A014E6F0001F7EC2A
:1091A00011F0100EE96EE2C1EAF1E1C1E9F196ECCD
:1091B00047F0E70EF66E1A0EF76E000EF86E080E08
:1091C0000A014E6F0001F7EC11F0F00EF66E1A0E68
:1091D000F76E000EF86E120E0A014E6F0001F7ECEA
:1091E00011F0100EE96EE4C1EAF1E3C1E9F196EC89
:1091F00047F0050EF66E1B0EF76E000EF86E060EAB
:109200000A014E6F0001F7EC11F00C0EF66E1B0E0A
:10921000F76E000EF86E120E0A014E6F0001F7ECA9
:1092200011F0100EE96EE6C1EAF1E5C1E9F196EC44
:1092300047F0210EF66E1B0EF76E000EF86E060E4E
:109240000A014E6F0001F7EC11F0050E0101DF2558
:10925000E96E000EE021EA6EECCFE8F1ED52EFCFBF
:10926000E7F1280EF66E1B0EF76E000EF86E120E6A
:109270000A014E6F0001F7EC11F0100EE96EE8C123
:10928000EAF1E7C1E9F196EC47F03D0EF66E1B0EF0
:10929000F76E000EF86E070E0A014E6F0001F7EC34
:1092A00011F084EF59F0A6AC53EF49F00E01F96FBD
:1092B000000112000A015151016A505DD8A003D08B
:1092C000000168EF49F05051006E00017DEF49F058
:1092D000006A080E0A01526F00010A015037003679
:1092E0005151005CD8B0006E0136522F02D004D02C
:1092F000000100016DEF49F00001120001504ECA5B
:1093000050FA640E0A01516F00015AEC49F000C096
:109310004EFA0150300ED8A49EEF49F00A014FB327
:1093200003D00001ABEF49F04FA703D00001ABEF32
:1093300049F04FB9200E0001A3EF49F00A014F9701
:109340004F994F81000101260150A6ACA5EF49F0CD
:109350000E01F96F00014ECA50FA0A0E0A01516F50
:1093600000015AEC49F000C04EFA0150300ED8A46A
:10937000C8EF49F00A014FA703D00001D0EF49F030
:109380004FB103D00001D0EF49F04FB9200E0001DA
:1093900001260150A6ACCAEF49F00E01F96F000199
:1093A000300E0A014E274E510001A6ACD5EF49F010
:1093B0000E01F96F00011200090EEA6EE20EE96E6D
:1093C000006A026A0C0E016E14EC12F07DEC1EF0C5
:1093D00003C0E5F902C0E4F901C0E3F900C0E2F915
:1093E0000D0E0901EE6F0001CFEC12F002C0E9F999
:1093F00001C0E8F90E0E0901EE6F0001CFEC12F08A
:1094000002C0EBF901C0EAF90C0E0901EE6F000190
:10941000CFEC12F002C0EDF901C0ECF90F0E09011A
:10942000EE6F0001CFEC12F002C0E7F901C0E6F9DF
:10943000E20E016E090E026E1200170E946E8B96EC
:109440001200170E946E8B9A12000901C451E96E36
:10945000C551EA6EEFCFC6F97E0EF66E060EF76EB8
:10946000000EF86E040E0A014E6F0001F7EC11F0C9
:10947000C6C94EFA1B0E0A014F6F00017EEC49F07F
:109480000D0EA6AC41EF4AF00E01F96F0A0E000175
:10949000A6AC48EF4AF00E01F96F0901C76BC86B23
:1094A000C96BCA6BCB6BCC6BCD6BCE6BCF6BD06B00
:1094B000D16BD26BD36BD46BD56BD66BD76BD86BB0
:1094C000D96BDA6BDB6BDC6BDD6BDE6BDF6BE06B60
:1094D000E16BE26BE36BE46BE56BE66BE76BE86B10
:1094E000E96BEA6BEB6BEC6BED6BEE6BEF6BF06BC0
:1094F000F16BF26BF36BF46BF56BF66BF76BF86B70
:10950000F96BFA6BFB6BFC6BFD6BFE6BFF6B0A017F
:10951000006B016B026B036B046B056B066B090E32
:10952000086FC70E076F0901C769C251E96EC351C1
:10953000EA6EEFCFC8F9ECCFC9F9ECCFCAF9ECCF9E
:10954000CBF9ED52ED52ED52C251E96EC351EA6EC4
:10955000EFCF4EFAECCF4FFAECCF50FAECCF51FAF6
:10956000ED52ED52ED520A01513350334F334E3329
:10957000513350334F334E33513350334F334E33D7
:10958000513350334F334E330F0E51174E51006E3F
:10959000016A026A036A00C0CCF9040E0901C225FF
:1095A000E96E000EC321EA6EECCF4FFAED52EFCF19
:1095B0004EFA0A014F334E334F334E334F334E334F
:1095C0004F334E330F0E4F174E510901CD6F040E1E
:1095D000C225E96E000EC321EA6EECCF4FFAED52C0
:1095E000EFCF4EFA0F0E0A014E174F6B4E374F3723
:1095F0004E374F374E374F374E374F37F00E4E17E7
:10960000060E0901C225E96E000EC321EA6EECCFF9
:1096100051FAED52EFCF50FA51CA50FA0A01516B8C
:1096200050510F0B006E036A00504E110901CE6FAE
:10963000060EC225E96E000EC321EA6EECCF4FFA8A
:10964000ED52EFCF4EFA0A014E510901CF6F080ECD
:10965000C225E96E000EC321EA6EECCF4FFAED523F
:10966000EFCF4EFA0A014F334E334F334E334F3361
:109670004E334F334E330F0E4F174E510901D06FFB
:10968000080EC225E96E000EC321EA6EECCF4FFA38
:10969000ED52EFCF4EFA0F0E0A014E174F6B4E37B9
:1096A0004F374E374F374E374F374E374F37F00E15
:1096B0004E170A0E0901C225E96E000EC321EA6E9B
:1096C000ECCF51FAED52EFCF50FA51CA50FA0A01DD
:1096D000516B50510F0B006E036A00504E1109017F
:1096E000D16F0A0EC225E96E000EC321EA6EECCFDF
:1096F0004FFAED52EFCF4EFA0A014E510901D26FE7
:109700000A01096B00010A0109511008D8B003D001
:10971000000134EF4CF00001010E0901C425E96E8F
:10972000000EC521EA6EECCF03F0ED52EF50016E52
:109730000352D8B403D00001A8EF4BF00001015050
:109740000A01095DD8A003D000010DEF4CF0000123
:109750000A010951030DF350036AD30F016E090E7C
:10976000032201504E6F03C04FFA0951030DF3500D
:10977000030F0901C425E96E000EC521EA6EEF5002
:109780000A01506F4FCAEAFF4ECAE9FF50CAEFFF05
:109790000951030DF350010F036AD30F016E090E37
:1097A000032201504E6F03C04FFA0951030DF350CD
:1097B000010F030F0901C425E96E000EC521EA6EF1
:1097C000EF500A01506F4FCAEAFF4ECAE9FF50CA74
:1097D000EFFF0951030DF350020F036AD30F016E1F
:1097E000090E032201504E6F03C04FFA0951030DB9
:1097F000F350020F030F0901C425E96E000EC521C5
:10980000EA6EEF500A01506F4FCAEAFF4ECAE9FFF5
:1098100050CAEFFF00012FEF4CF00A010951030D70
:10982000F350036AD30FE96E090E0320EA6EEF6A64
:109830000951030DF350010F036AD30FE96E090EAE
:109840000320EA6EEF6A0951030DF350020F036A19
:10985000D30FE96E090E0320EA6EEF6A00010A01D8
:10986000092B000183EF4BF00901C451E96EC5518A
:10987000EA6EEF2C02D004D0000100016CEF4CF036
:1098800000010A010751016E0851036E01504E6F2D
:1098900003C04FFA4FCAECFA4ECAEBFA3F0EED6F17
:1098A0000001E7EC18F001C006FA0A010751016E49
:1098B0000851036E01504E6F03C04FFA040E506FF3
:1098C0004FCA52FA4ECA51FA546B400E536F000100
:1098D000B8EC21F0A2EF4CF00901C451E96EC5517A
:1098E000EA6EEF500208D8B403D00001A2EF4CF0AA
:1098F00000010A010751016E0851036E01504E6FBD
:1099000003C04FFA4FCAECFA4ECAEBFA3F0EED6FA6
:109910000001E7EC18F001C006FA0A010751016ED8
:109920000851036E01504E6F03C04FFA060E506F80
:109930004FCA52FA4ECA51FA546B400E536F00018F
:10994000B8EC21F00A014B6B110E4A6F0001010EB9
:109950000901C425E96E000EC521EA6EECCF03F0C3
:10996000ED52EF50016E0A014B51035CD8B003D0A9
:109970000001ABEF4EF00001D8A4C8EF4CF001504D
:109980000A014A5DD8A003D00001ABEF4EF0000100
:109990000A014D6B4C6B00010A014D53D8B403D042
:1099A0000001D7EF4DF000010A014C511408D8B066
:1099B00003D00001D7EF4DF00001010E0901C425CD
:1099C000E96E000EC521EA6EECCF03F0ED52EF50C8
:1099D000016E0A014B51035CD8B003D00001D7EFF0
:1099E0004DF00001D8A4FEEF4CF001500A014A5D91
:1099F000D8A003D00001D7EF4DF000014DCA53FAB3
:109A00004CCA52FA0A01556B030E546F000191ECD7
:109A100041F002C04FFA01C04EFAC70E0A014E25AE
:109A2000016E090E4F21036E0150506F03C051FAB1
:109A30004BCA53FA4ACA52FA556B030E546F0001CF
:109A400091EC41F002C053FA01C052FA030E0A0130
:109A50005225016E000E5321036E01500901C425E9
:109A6000E96EC5510320EA6EEF500A01546F51CAE6
:109A7000EAFF50CAE9FF54CAEFFF4DCA53FA4CCA75
:109A800052FA556B030E546F000191EC41F002C085
:109A90004FFA01C04EFA010E0A014E27000E4F2365
:109AA000C70E4E25016E090E4F21036E0150506FF7
:109AB00003C051FA4BCA53FA4ACA52FA556B030E05
:109AC000546F000191EC41F002C053FA01C052FA08
:109AD000010E0A015227000E5323030E5225016E78
:109AE000000E5321036E01500901C425E96EC551D2
:109AF0000320EA6EEF500A01546F51CAEAFF50CAC0
:109B0000E9FF54CAEFFF4DCA53FA4CCA52FA556BDB
:109B1000030E546F000191EC41F002C04FFA01C0F6
:109B20004EFA020E0A014E27000E4F23C70E4E2595
:109B3000016E090E4F21036E0150506F03C051FAA0
:109B40004BCA53FA4ACA52FA556B030E546F0001BE
:109B500091EC41F002C053FA01C052FA020E0A0120
:109B60005227000E5323030E5225016E000E53217F
:109B7000036E01500901C425E96EC5510320EA6E48
:109B8000EF500A01546F51CAEAFF50CAE9FF54CAA4
:109B9000EFFF00010A014D51036E4C514C2BD8B41C
:109BA0004D2B4A2BD8B44B2B0001CCEF4CF00A01C3
:109BB0004D53D8B403D000013BEF4EF000010A0131
:109BC0004C511408D8B003D000013BEF4EF0000117
:109BD0004DCA53FA4CCA52FA0A01556B030E546F20
:109BE000000191EC41F002C04FFA01C04EFAC70EDD
:109BF0000A014E25E96E090E4F21EA6EEF6A4DCA41
:109C000053FA4CCA52FA556B030E546F000191EC93
:109C100041F002C04FFA01C04EFA010E0A014E2770
:109C2000000E4F23C70E4E25E96E090E4F21EA6E36
:109C3000EF6A4DCA53FA4CCA52FA556B030E546F71
:109C4000000191EC41F002C04FFA01C04EFA020E41
:109C50000A014E27000E4F23C70E4E25E96E090E4E
:109C60004F21EA6EEF6A00010A014C2BD8B44D2B4C
:109C70000001D7EF4DF00901C451E96EC551EA6EFC
:109C8000EF2C02D004D00001000173EF4EF0000170
:109C90000A010751016E0851036E01504E6F03C057
:109CA0004FFA4FCAECFA4ECAEBFA3F0EED6F0001C5
:109CB000E7EC18F001C006FA0A010751016E0851DD
:109CC000036E01504E6F03C04FFA040E506F4FCA1F
:109CD00052FA4ECA51FA546B400E536F0001B8EC61
:109CE00021F0A9EF4EF00901C451E96EC551EA6EA9
:109CF000EF500208D8B403D00001A9EF4EF00001E4
:109D00000A010751016E0851036E01504E6F03C0E6
:109D10004FFA4FCAECFA4ECAEBFA3F0EED6F000154
:109D2000E7EC18F001C006FA0A010751016E08516C
:109D3000036E01504E6F03C04FFA060E506F4FCAAC
:109D400052FA4ECA51FA546B400E536F0001B8ECF0
:109D500021F0A7EF4CF0A0EC28F012007DEC1EF0F3
:109D600003C0E8F102C0E7F101C0E6F100C0E5F18F
:109D7000E0C1ECF1DFC1EBF10101E96BEA6BF06BE3
:109D8000EF6BEE6BED6BF46BF36BF26BF16B2E0E16
:109D9000000153EC49F07BEC29F07FEC29F0640ED4
:109DA0000B01036F0001C5EC11F00101F56BF66BBF
:109DB000F76BF86BF96BFA6BFB6BFC6BFD6BFE6B77
:109DC000FF6B0201006B016B026B036B046B056B95
:109DD000066B076B086B096B0A6B0B6B0C6B0D6BDF
:109DE0000E6B0F6B106B116B126B136B146B156B8F
:109DF000166B176B186B196B1A6B1B6B1C6B1D6B3F
:109E00001E6B1F6B206B216B226B236B246B256BEE
:109E1000266B276B286B296B2A6B2B6B2C6B2D6B9E
:109E20002E6B2F6B306B316B326B336B346B356B4E
:109E3000366B376B386B396B3A6B3B6B3C6B3D6BFE
:109E40003E6B3F6B406B416B426B436B446B456BAE
:109E5000466B476B486B496B4A6B4B6B4C6B4D6B5E
:109E60004E6B4F6B506B516B526B536B546B556B0E
:109E7000566B576B586B596B5A6B5B6B5C6B5D6BBE
:109E80005E6B5F6B606B616B626B636B646B656B6E
:109E9000666B676B686B696B6A6B6B6B6C6B6D6B1E
:109EA0006E6B6F6B706B716B726B736B746B756BCE
:109EB000766B776B786B796B7A6B7B6B7C6B7D6B7E
:109EC0007E6B7F6B806B816B826B836B846B856B2E
:109ED000866B876B886B896B8A6B8B6B8C6B8D6BDE
:109EE0008E6B8F6B906B916B926B936B946B956B8E
:109EF000966B976B986B996B9A6B9B6B9C6B9D6B3E
:109F00009E6B9F6BA06BA16BA26BA36BA46BA56BED
:109F1000A66BA76BA86BA96BAA6BAB6BAC6BAD6B9D
:109F2000AE6BAF6BB06BB16BB26BB36BB46BB56B4D
:109F3000B66BB76BB86BB96BBA6BBB6BBC6BBD6BFD
:109F4000BE6BBF6BC06BC16BC26BC36BC46BC56BAD
:109F5000C66BC76BC86BC96BCA6BCB6BCC6BCD6B5D
:109F6000CE6BCF6BD06BD16BD26BD36BD46BD56B0D
:109F7000D66BD76BD86BD96BDA6BDB6BDC6BDD6BBD
:109F8000DE6BDF6BE06BE16BE26BE36BE46BE56B6D
:109F9000E66BE76BE86BE96BEA6BEB6BEC6BED6B1D
:109FA000EE6BEF6BF06BF16BF26BF36BF46BF56BCD
:109FB000F66BF76BF86BF96BFA6BFB6BFC6BFD6B7D
:109FC000FE6BFF6B0301006B016B026B036B046B99
:109FD000056B066B076B086B096B0A6B0B6B0C6BE5
:109FE0000D6B0E6B0F6B106B116B126B136B146B95
:109FF000156B166B176B186B196B1A6B1B6B1C6B45
:10A000001D6B1E6B1F6B206B216B226B236B246BF4
:10A01000256B266B276B286B296B2A6B2B6B2C6BA4
:10A020002D6B2E6B2F6B306B316B326B336B346B54
:10A03000356B366B376B386B396B3A6B3B6B3C6B04
:10A040003D6B3E6B3F6B406B416B426B436B446BB4
:10A05000456B466B476B486B496B4A6B4B6B4C6B64
:10A060004D6B4E6B4F6B506B516B526B536B546B14
:10A07000556B566B576B586B596B5A6B5B6B5C6BC4
:10A080005D6B5E6B5F6B606B616B626B636B646B74
:10A09000656B666B676B686B696B6A6B6B6B6C6B24
:10A0A0006D6B6E6B6F6B706B716B726B736B746BD4
:10A0B000756B766B776B786B796B7A6B7B6B7C6B84
:10A0C0007D6B7E6B7F6B806B816B826B836B846B34
:10A0D000856B866B876B886B896B8A6B8B6B8C6BE4
:10A0E0008D6B8E6B8F6B906B916B926B936B946B94
:10A0F000956B966B976B986B996B9A6B9B6B9C6B44
:10A100009D6B9E6B9F6BA06BA16BA26BA36BA46BF3
:10A11000A56BA66BA76BA86BA96BAA6BAB6BAC6BA3
:10A12000AD6BAE6BAF6BB06BB16BB26BB36BB46B53
:10A13000B56BB66BB76BB86BB96BBA6BBB6BBC6B03
:10A14000BD6BBE6BBF6BC06BC16BC26BC36BC46BB3
:10A15000C56BC66BC76BC86BC96BCA6BCB6BCC6B63
:10A16000CD6BCE6BCF6BD06BD16BD26BD36BD46B13
:10A17000D56BD66BD76BD86BD96BDA6BDB6BDC6BC3
:10A18000DD6BDE6BDF6BE06BE16BE26BE36BE46B73
:10A19000E56BE66BE76BE86BE96BEA6BEB6BEC6B23
:10A1A000ED6BEE6BEF6BF06BF16BF26BF36BF46BD3
:10A1B000F56BF66BF76BF86BF96BFA6BFB6BFC6B83
:10A1C000FD6BFE6BFF6B0401006B016B026B036B9D
:10A1D000046B056B066B076B086B096B0A6B0B6BEB
:10A1E0000C6B0D6B0E6B0F6B106B116B126B136B9B
:10A1F000146B156B166B176B186B196B1A6B1B6B4B
:10A200001C6B1D6B1E6B1F6B206B216B226B236BFA
:10A21000246B256B266B276B286B296B2A6B2B6BAA
:10A220002C6B2D6B2E6B2F6B306B316B326B336B5A
:10A23000346B356B366B376B386B396B3A6B3B6B0A
:10A240003C6B3D6B3E6B3F6B406B416B426B436BBA
:10A25000446B456B466B476B486B496B4A6B4B6B6A
:10A260004C6B4D6B4E6B4F6B506B516B526B536B1A
:10A27000546B556B566B576B586B596B5A6B5B6BCA
:10A280005C6B5D6B5E6B5F6B606B616B626B636B7A
:10A29000646B656B666B676B686B696B6A6B6B6B2A
:10A2A0006C6B6D6B6E6B6F6B706B716B726B736BDA
:10A2B000746B756B766B776B786B796B7A6B7B6B8A
:10A2C0007C6B7D6B7E6B7F6B806B816B826B836B3A
:10A2D000846B856B866B876B886B896B8A6B8B6BEA
:10A2E0008C6B8D6B8E6B8F6B906B916B926B936B9A
:10A2F000946B956B966B976B986B996B9A6B9B6B4A
:10A300009C6B9D6B9E6B9F6BA06BA16BA26BA36BF9
:10A31000A46BA56BA66BA76BA86BA96BAA6BAB6BA9
:10A32000AC6BAD6BAE6BAF6BB06BB16BB26BB36B59
:10A33000B46BB56BB66BB76BB86BB96BBA6BBB6B09
:10A34000BC6BBD6BBE6BBF6BC06BC16BC26BC36BB9
:10A35000C46BC56BC66BC76BC86BC96BCA6BCB6B69
:10A36000CC6BCD6BCE6BCF6BD06BD16BD26BD36B19
:10A37000D46BD56BD66BD76BD86BD96BDA6BDB6BC9
:10A38000DC6BDD6BDE6BDF6BE06BE16BE26BE36B79
:10A39000E46BE56BE66BE76BE86BE96BEA6BEB6B29
:10A3A000EC6BED6BEE6BEF6BF06BF16BF26BF36BD9
:10A3B000F46BF56BF66BF76BF86B010EFA6FF50E3D
:10A3C000F96FF951E96EFA51EA6E010EEF6E010E66
:10A3D000F925E96E000EFA21EA6EEC6AED52EF6A99
:10A3E000030EF925E96E030EFA21EA6EEF80F951AA
:10A3F000E96EFA51EA6EEFCF15F8880EF66E060E8A
:10A40000F76E000EF86E070E0A014E6F0001F7ECB2
:10A4100011F015C84EFA1B0E0A014F6F00017EECB9
:10A4200049F00D0EA6AC12EF52F00E01F96F0A0EB4
:10A430000001A6AC19EF52F00E01F96F0401FB6B9D
:10A44000FC6BFD6BFE6BFF6B0501006B016B026B20
:10A45000036B046B056B066B076B086B096B0A6B70
:10A460000B6B0C6B0D6B0E6B0F6B106B116B126B20
:10A47000136B146B156B166B176B186B196B1A6BD0
:10A480001B6B1C6B1D6B1E6B1F6B206B216B226B80
:10A49000236B246B256B266B276B286B296B2A6B30
:10A4A0002B6B2C6B2D6B2E6B2F6B306B316B326BE0
:10A4B000336B346B356B366B376B386B396B3A6B90
:10A4C0003B6B3C6B3D6B3E6B3F6B406B416B426B40
:10A4D000436B446B456B466B476B486B496B4A6BF0
:10A4E0004B6B4C6B4D6B4E6B4F6B506B516B526BA0
:10A4F000536B546B556B566B576B586B596B5A6B50
:10A500005B6B5C6B5D6B5E6B5F6B606B616B626BFF
:10A51000636B646B656B666B676B686B696B6A6BAF
:10A520006B6B6C6B6D6B6E6B6F6B706B716B726B5F
:10A53000736B746B756B766B776B786B796B7A6B0F
:10A540007B6B7C6B7D6B7E6B7F6B806B816B826BBF
:10A55000836B846B856B866B876B886B896B8A6B6F
:10A560008B6B8C6B8D6B8E6B8F6B906B916B926B1F
:10A57000936B946B956B966B976B986B996B9A6BCF
:10A580009B6B9C6B9D6B9E6B9F6BA06BA16BA26B7F
:10A59000A36BA46BA56BA66BA76BA86BA96BAA6B2F
:10A5A000AB6BAC6BAD6BAE6BAF6BB06BB16BB26BDF
:10A5B000B36BB46BB56BB66BB76BB86BB96BBA6B8F
:10A5C000BB6BBC6BBD6BBE6BBF6BC06BC16BC26B3F
:10A5D000C36BC46BC56BC66BC76BC86BC96BCA6BEF
:10A5E000CB6BCC6BCD6BCE6BCF6BD06BD16BD26B9F
:10A5F000D36BD46BD56BD66BD76BD86BD96BDA6B4F
:10A60000DB6BDC6BDD6BDE6BDF6BE06BE16BE26BFE
:10A61000E36BE46BE56BE66BE76BE86BE96BEA6BAE
:10A62000EB6BEC6BED6BEE6BEF6BF06BF16BF26B5E
:10A63000F36BF46BF56BF66BF76BF86BF96BFA6B0E
:10A64000FB6BFC6BFD6BFE6BFF6B0601006B016B24
:10A65000026B036B046B056B066B076B086B096B76
:10A660000A6B0B6B0C6B0D6B0E6B0F6B106B116B26
:10A67000126B136B146B156B166B176B186B196BD6
:10A680001A6B1B6B1C6B1D6B1E6B1F6B206B216B86
:10A69000226B236B246B256B266B276B286B296B36
:10A6A0002A6B2B6B2C6B2D6B2E6B2F6B306B316BE6
:10A6B000326B336B346B356B366B376B386B396B96
:10A6C0003A6B3B6B3C6B3D6B3E6B3F6B406B416B46
:10A6D000426B436B446B456B466B476B486B496BF6
:10A6E0004A6B4B6B4C6B4D6B4E6B4F6B506B516BA6
:10A6F000526B536B546B556B566B576B586B596B56
:10A700005A6B5B6B5C6B5D6B5E6B5F6B606B616B05
:10A71000626B636B646B656B666B676B686B696BB5
:10A720006A6B6B6B6C6B6D6B6E6B6F6B706B716B65
:10A73000726B736B746B756B766B776B786B796B15
:10A740007A6B7B6B7C6B7D6B7E6B7F6B806B816BC5
:10A75000826B836B846B856B866B876B886B896B75
:10A760008A6B8B6B8C6B8D6B8E6B8F6B906B916B25
:10A77000926B936B946B956B966B976B986B996BD5
:10A780009A6B9B6B9C6B9D6B9E6B9F6BA06BA16B85
:10A79000A26BA36BA46BA56BA66BA76BA86BA96B35
:10A7A000AA6BAB6BAC6BAD6BAE6BAF6BB06BB16BE5
:10A7B000B26BB36BB46BB56BB66BB76BB86BB96B95
:10A7C000BA6BBB6BBC6BBD6BBE6BBF6BC06BC16B45
:10A7D000C26BC36BC46BC56BC66BC76BC86BC96BF5
:10A7E000CA6BCB6BCC6BCD6BCE6BCF6BD06BD16BA5
:10A7F000D26BD36BD46BD56BD66BD76BD86BD96B55
:10A80000DA6BDB6BDC6BDD6BDE6BDF6BE06BE16B04
:10A81000E26BE36BE46BE56BE66BE76BE86BE96BB4
:10A82000EA6BEB6BEC6BED6BEE6BEF6BF06BF16B64
:10A83000F26BF36BF46BF56BF66BF76BF86BF96B14
:10A84000FA6BFB6BFC6BFD6BFE6BFF6B0701006B28
:10A85000016B026B036B046B056B066B076B086B7C
:10A86000096B0A6B0B6B0C6B0D6B0E6B0F6B106B2C
:10A87000116B126B136B146B156B166B176B186BDC
:10A88000196B1A6B1B6B1C6B1D6B1E6B1F6B206B8C
:10A89000216B226B236B246B256B266B276B286B3C
:10A8A000296B2A6B2B6B2C6B2D6B2E6B2F6B306BEC
:10A8B000316B326B336B346B356B366B376B386B9C
:10A8C000396B3A6B3B6B3C6B3D6B3E6B3F6B406B4C
:10A8D000416B426B436B446B456B466B476B486BFC
:10A8E000496B4A6B4B6B4C6B4D6B4E6B4F6B506BAC
:10A8F000516B526B536B546B556B566B576B586B5C
:10A90000596B5A6B5B6B5C6B5D6B5E6B5F6B606B0B
:10A91000616B626B636B646B656B666B676B686BBB
:10A92000696B6A6B6B6B6C6B6D6B6E6B6F6B706B6B
:10A93000716B726B736B746B756B766B776B786B1B
:10A94000796B7A6B7B6B7C6B7D6B7E6B7F6B806BCB
:10A95000816B826B836B846B856B866B876B886B7B
:10A96000896B8A6B8B6B8C6B8D6B8E6B8F6B906B2B
:10A97000916B926B936B946B956B966B976B986BDB
:10A98000996B9A6B9B6B9C6B9D6B9E6B9F6BA06B8B
:10A99000A16BA26BA36BA46BA56BA66BA76BA86B3B
:10A9A000A96BAA6BAB6BAC6BAD6BAE6BAF6BB06BEB
:10A9B000B16BB26BB36BB46BB56BB66BB76BB86B9B
:10A9C000B96BBA6BBB6BBC6BBD6BBE6BBF6BC06B4B
:10A9D000C16BC26BC36BC46BC56BC66BC76BC86BFB
:10A9E000C96BCA6BCB6BCC6BCD6BCE6BCF6BD06BAB
:10A9F000D16BD26BD36BD46BD56BD66BD76BD86B5B
:10AA0000D96BDA6BDB6BDC6BDD6BDE6BDF6BE06B0A
:10AA1000E16BE26BE36BE46BE56BE66BE76BE86BBA
:10AA2000E96BEA6BEB6BEC6BED6BEE6BEF6BF06B6A
:10AA3000F16BF26BF36BF46BF56BF66BF76BF86B1A
:10AA4000F96BFA6BFB6BFC6BFD6BFE6B040E080184
:10AA5000006FFB0E0701FF6FFF51E96E0801005107
:10AA6000EA6E020EEF6E010E0701FF25E96E000E81
:10AA700008010021EA6EEC6AED52EF6A030E07014D
:10AA8000FF25E96E030E08010021EA6EEF80070141
:10AA9000FF51E96E08010051EA6EEFCF15F8940EF0
:10AAA000F66E060EF76E000EF86E070E0A014E6F78
:10AAB0000001F7EC11F015C84EFA1B0E0A014F6F9A
:10AAC00000017EEC49F00D0EA6AC64EF55F00E01CE
:10AAD000F96F0A0E0001A6AC6BEF55F00E01F96F8D
:10AAE0000801026B016B0901DD6B010EDC6F0001D7
:10AAF000A7EC14F00901DD6B010EDC6F0001C8EC5E
:10AB000014F0DCEC49F002C003F00150E16E03C028
:10AB1000E2FF080EEA6E070EE96E0C0E016EE6CF3C
:10AB2000EEFF012E8FEF55F0080E0801146F070E8F
:10AB3000136F00010401F8A103D00001A8EF55F044
:10AB400000010701FEB103D000018FEF57F00001B3
:10AB500002C8DDF901C8DCF9A7EC14F002C8DDF980
:10AB600001C8DCF9C8EC14F0850E006E002EFED78B
:10AB70000401F8B103D00001BAEF56F00001080E4D
:10AB80000901EE6F0001CFEC12F002C004F801C021
:10AB900003F8010E0901EE6F0001CFEC12F002C0C4
:10ABA00006F801C005F804C853FA03C852FA06C8EB
:10ABB00055FA05C854FA91EC41F00101F46BF36BBE
:10ABC00002C0F2F101C0F1F1F051F45DD8B003D050
:10ABD000000118EF56F00001D8A410EF56F0010163
:10ABE000EF51F35DD8B003D0000118EF56F000012B
:10ABF000D8A410EF56F00101EE51F25DD8B003D0A9
:10AC0000000118EF56F00001D8A410EF56F0010132
:10AC1000F151ED5DD8A003D0000118EF56F000010E
:10AC2000F4C1F0F1F3C1EFF1F2C1EEF1F1C1EDF1D8
:10AC300002C853FA01C852FA0A01556B030E546F49
:10AC4000000191EC41F002C016F801C015F8F80EB1
:10AC500008011525E96E010E1621EA6E04311A6FFE
:10AC60000331196F1A3319331A3319331A3319335D
:10AC70000F0E1A171951006E036A0050EF6E02C8CA
:10AC800053FA01C852FA0A01556B030E546F0001C2
:10AC900091EC41F002C016F801C015F8010E080150
:10ACA0001527000E1623F80E1525E96E010E162144
:10ACB000EA6E03510F0B196F1A6B19371A371937D0
:10ACC0001A3719371A3719371A37F00E191706C8F5
:10ACD0001BF81C6B1B510F0B006E036A00501911FF
:10ACE000006E03501A11036E0050EF6E02C853FA43
:10ACF00001C852FA0A01556B030E546F000191EC22
:10AD000041F002C016F801C015F8020E080115271F
:10AD1000000E1623F80E1525E96E010E1621EA6EB7
:10AD20000551006E036A0050EF6E010E012501010E
:10AD3000F66F000E080102210101F76F08010651AC
:10AD40000101E25DD8B003D00001BAEF56F0000176
:10AD5000D8A4B5EF56F00101E1510801055DD8A076
:10AD600003D00001BAEF56F000010401F891000190
:10AD70001DEC4AF00701FEB103D0000177EF57F058
:10AD800000010A0E0901EE6F0001CFEC12F002C0C3
:10AD900004F801C003F8050E0901EE6F0001CFECC5
:10ADA00012F002C006F801C005F802C853FA01C843
:10ADB00052FA0A01556B030E546F000191EC41F0F9
:10ADC00002C016F801C015F8FE0E08011525E96E3F
:10ADD000040E1621EA6E04311A6F0331196F1A330B
:10ADE00019331A3319331A3319330F0E1A1719512D
:10ADF000006E036A0050EF6E02C853FA01C852FA9F
:10AE00000A01556B030E546F000191EC41F002C032
:10AE100016F801C015F8010E08011527000E1623BB
:10AE2000FE0E1525E96E040E1621EA6E03510F0B76
:10AE3000196F1A6B19371A3719371A3719371A3722
:10AE400019371A37F00E191706C81BF81C6B1B515F
:10AE50000F0B006E036A00501911006E03501A1197
:10AE6000036E0050EF6E02C853FA01C852FA0A018D
:10AE7000556B030E546F000191EC41F002C016F8BF
:10AE800001C015F8020E08011527000E1623FE0E4C
:10AE90001525E96E040E1621EA6E0551006E036A4F
:10AEA0000050EF6E010E01250401FC6F000E080139
:10AEB00002210401FD6F080106510101E25DD8B0D5
:10AEC00003D0000177EF57F00001D8A472EF57F0DC
:10AED0000101E1510801055DD8A003D0000177EF21
:10AEE00057F000010701FE91000121EC4AF0080132
:10AEF000012BD8B4022B0253D8B403D000018BEF3E
:10AF000057F0000108010151FE08D8A003D000014C
:10AF10008DEF57F000018FEF57F09AEF55F01DECD1
:10AF20004AF021EC4AF00101EC51F05DD8B003D0B9
:10AF30000001CAEF57F00001D8A4C0EF57F001019B
:10AF4000EB51EF5DD8B003D00001CAEF57F000011C
:10AF5000D8A4C0EF57F00101EA51EE5DD8B003D09C
:10AF60000001CAEF57F00001D8A4C0EF57F001016B
:10AF7000ED51E95DD8A003D00001CAEF57F0000100
:10AF800014C8C3F913C8C2F9FAC4C5F9F9C4C4F99D
:10AF900025EC4AF00101EC51F05DD8B003D000017E
:10AFA00001EF58F00001D8A4F7EF57F00101EB5181
:10AFB000EF5DD8B003D0000101EF58F00001D8A434
:10AFC000F7EF57F00101EA51EE5DD8B003D0000170
:10AFD00001EF58F00001D8A4F7EF57F00101ED514F
:10AFE000E95DD8A003D0000101EF58F0000114C8BA
:10AFF000C3F913C8C2F900C8C5F9FFC7C4F925ECE5
:10B000004AF01200030E0201106F126B4C0E116F0A
:10B01000040E136F0001A7EC2CF012004A52D8B4B2
:10B020002CEF58F00201116B2A0E106F136B4A0EB1
:10B03000126F000122EC2CF00D0EA6AC1DEF58F0A3
:10B040000E01F96F0A0E0001A6AC24EF58F00E01B4
:10B05000F96F000102EC58F01200980EF66E030E24
:10B06000F76E000EF86EDCEC11F0010E01011125F7
:10B070000F0BE16F1051E15DD8B403D000014CEF2C
:10B0800058F00001B20EF66E030EF76E000EF86E69
:10B09000DCEC11F05CEF59F0010111510C0DF35093
:10B0A000E36BE26F500EE225016E000EE321036EAA
:10B0B0000150E46F03C0E5F1DF51E96EE051EA6E43
:10B0C000EF50E66FE5C1EAFFE4C1E9FFE6C1EFFF3B
:10B0D00011510C0DF350E36BE26F010EE225016E8E
:10B0E000000EE321036E0150500F016E000E03228B
:10B0F0000150E26F03C0E3F1010EDF25E96E000E9F
:10B10000E021EA6EEF50E46FE3C1EAFFE2C1E9FF3C
:10B11000E4C1EFFF11510C0DF350E36BE26F020E2F
:10B12000E225016E000EE321036E0150500F016E07
:10B13000000E03220150E26F03C0E3F1020EDF258F
:10B14000E96E000EE021EA6EEF50E46FE3C1EAFF22
:10B15000E2C1E9FFE4C1EFFF11510C0DF350E36BC5
:10B16000E26F030EE225016E000EE321036E015033
:10B17000500F016E000E03220150E26F03C0E3F195
:10B18000030EDF25016E000EE021036E0150E96E13
:10B1900003C0EAFF000EEFB0010E016E01A003D064
:10B1A0000001DBEF58F00001E3C1EAFFE2C1E9FF73
:10B1B000EF90E0EF58F0E3C1EAFFE2C1E9FFEF8072
:10B1C000010111510C0DF350E36BE26F040EE22507
:10B1D000016E000EE321036E0150500F016E000E50
:10B1E00003220150E26F03C0E3F1040EDF25E96E94
:10B1F000000EE021EA6EEFCF00F0ECCF01F0ECCFD3
:10B2000002F0ECCF03F0ED52ED52ED5203C0E7F146
:10B2100002C0E6F101C0E5F100C0E4F1E3C1EAFFDC
:10B22000E2C1E9FFE4C1EFFFE5C1ECFFE6C1ECFFDD
:10B23000E7C1ECFFED52ED52ED5211510C0DF35000
:10B24000E36BE26F080EE225016E000EE321036E50
:10B250000150500F016E000E03220150E26F03C037
:10B26000E3F1080EDF25E96E000EE021EA6EEFCF74
:10B2700000F0ECCF01F0ECCF02F0ECCF03F0ED5298
:10B28000ED52ED5203C0E7F102C0E6F101C0E5F175
:10B2900000C0E4F1E3C1EAFFE2C1E9FFE4C1EFFF6E
:10B2A000E5C1ECFFE6C1ECFFE7C1ECFFED52ED526A
:10B2B000ED52E1C111F100011200AA0EF66E170E57
:10B2C000F76E000EF86EDCEC11F0B0C1E6F1AFC124
:10B2D000E5F1A2EC41F002C003F00150E16E03C0C1
:10B2E000E2FF010EEA6EB10EE96E0B0E016EE6CFC3
:10B2F000EEFF012E77EF59F0010E0101E06FB10E64
:10B30000DF6F000124EF48F0B1C10FF20201106BB2
:10B310000001E7EC28F07DEC1EF003C0BFF102C095
:10B32000BEF101C0BDF100C0BCF10101C36BC26B35
:10B33000C16BC06BC56BC46BC66B0001B9C1E0F1DA
:10B34000B8C1DFF1BBC1E2F1BAC1E1F1B5C1E4F1CD
:10B35000B4C1E3F1AEEC4EF00101B253D8B403D066
:10B360000001BCEF59F000010101B353D8A403D090
:10B370000001D0EF59F00001B3C1DFF10101DF2B73
:10B3800000010101DF2F02D0000106D00B0103698B
:10B390000001C5EC11F0F5D7B2C103FBC5EC11F00B
:10B3A0000EEC58F07DEC1EF003C0E2F102C0E1F1BA
:10B3B00001C0E0F100C0DFF10101BC51DF5FBD5110
:10B3C000E05BBE51E15BBF51E25BE253D8B403D016
:10B3D000000109EF5AF000010101E153D8B403D094
:10B3E000000109EF5AF000010101E051B75DD8B04A
:10B3F00003D0000109EF5AF00001D8A49EEF59F0E4
:10B400000101B651DF5DD8B003D000019EEF59F0C5
:10B410000001A0EC28F0B1C10FF202011069000197
:10B42000E7EC28F00101C76BC86BC96BCA6BCB6B2B
:10B43000CC6BCD6BCE6BCF6BD06BD16BD26BC86B43
:10B44000040EC76F020EC96FCA91C00EF66E170EBA
:10B45000F76E000EF86E0001DCEC11F0D20EF66E05
:10B46000170EF76E000EF86E0F0E0A014E6F0001F8
:10B47000F7EC11F0C7C1E8F9370E0901E96F0001D7
:10B480000FEC13F00D0EA6AC43EF5AF00E01F96F5E
:10B490000A0E0001A6AC4AEF5AF00E01F96FE80E51
:10B4A000F66E170EF76E000EF86E0F0E0A014E6F55
:10B4B0000001F7EC11F0C8C1E8F9370E0901E96F96
:10B4C00000010FEC13F00D0EA6AC64EF5AF00E0164
:10B4D000F96F0A0E0001A6AC6BEF5AF00E01F96F7E
:10B4E000FE0EF66E170EF76E000EF86E0F0E0A01C6
:10B4F0004E6F0001F7EC11F0C9C1E8F9370E0901F0
:10B50000E96F00010FEC13F00D0EA6AC85EF5AF0B9
:10B510000E01F96F0A0E0001A6AC8CEF5AF00E0175
:10B52000F96F000E0101CAB1010EDF6F140EF66E45
:10B53000180EF76E000EF86E0F0E0A014E6F000126
:10B54000F7EC11F0DFC1E8F9370E0901E96F0001EE
:10B550000FEC13F00D0EA6ACABEF5AF00E01F96F25
:10B560000A0E0001A6ACB2EF5AF00E01F96F2A0ED6
:10B57000F66E180EF76E000EF86E0F0E0A014E6F83
:10B580000001F7EC11F0020E0101DF6F0001300E37
:10B59000A6ACC8EF5AF00E01F96F0101DF2F02D0FF
:10B5A00004D000010001C7EF5AF0CBC1E8F9370E13
:10B5B0000901E96F00010FEC13F00D0EA6ACDEEFF0
:10B5C0005AF00E01F96F0A0E0001A6ACE5EF5AF031
:10B5D0000E01F96F400EF66E180EF76E000EF86E43
:10B5E0000F0E0A014E6F0001F7EC11F0020E01017F
:10B5F000DF6F0001300EA6ACFBEF5AF00E01F96FC1
:10B600000101DF2F02D004D000010001FAEF5AF04F
:10B610004EC1E8F9370E0901E96F00010FEC13F094
:10B620000D0EA6AC11EF5BF00E01F96F0A0E0001D2
:10B63000A6AC18EF5BF00E01F96F010E0101E06F8F
:10B64000C70EDF6F00012DEC58F00101C86B060E2C
:10B65000C76F020EC96FCA91560EF66E180EF76EBE
:10B66000000EF86E0001DCEC11F0680EF66E180E9C
:10B67000F76E000EF86E0F0E0A014E6F0001F7EC28
:10B6800011F0C7C1E8F9370E0901E96F00010FECAD
:10B6900013F00D0EA6AC4AEF5BF00E01F96F0A0E27
:10B6A0000001A6AC51EF5BF00E01F96F7E0EF66E55
:10B6B000180EF76E000EF86E0F0E0A014E6F0001A5
:10B6C000F7EC11F0C8C1E8F9370E0901E96F000184
:10B6D0000FEC13F00D0EA6AC6BEF5BF00E01F96FE3
:10B6E0000A0E0001A6AC72EF5BF00E01F96F940E2A
:10B6F000F66E180EF76E000EF86E0F0E0A014E6F02
:10B700000001F7EC11F0C9C1E8F9370E0901E96F42
:10B7100000010FEC13F00D0EA6AC8CEF5BF00E01E8
:10B72000F96F0A0E0001A6AC93EF5BF00E01F96F02
:10B73000000E0101CAB1010EDF6FAA0EF66E180EDF
:10B74000F76E000EF86E0F0E0A014E6F0001F7EC57
:10B7500011F0DFC1E8F9370E0901E96F00010FECC4
:10B7600013F00D0EA6ACB2EF5BF00E01F96F0A0EEE
:10B770000001A6ACB9EF5BF00E01F96FC00EF66EDA
:10B78000180EF76E000EF86E0F0E0A014E6F0001D4
:10B79000F7EC11F0020E0101DF6F0001300EA6ACD4
:10B7A000CFEF5BF00E01F96F0101DF2F02D004D063
:10B7B00000010001CEEF5BF0CBC1E8F9370E0901C3
:10B7C000E96F00010FEC13F00D0EA6ACE5EF5BF096
:10B7D0000E01F96F0A0E0001A6ACECEF5BF00E0152
:10B7E000F96FD60EF66E180EF76E000EF86E0F0E8D
:10B7F0000A014E6F0001F7EC11F0020E0101DF6F3C
:10B800000001300EA6AC02EF5CF00E01F96F0101F1
:10B81000DF2F02D004D00001000101EF5CF062C113
:10B82000E8F9370E0901E96F00010FEC13F00D0E76
:10B83000A6AC18EF5CF00E01F96F0A0E0001A6AC81
:10B840001FEF5CF00E01F96F010E0101E06FC70EF2
:10B85000DF6F00012DEC58F00101D36BD46BD56B79
:10B86000D66BD76BD86BD96BDA6BDB6BDC6BDD6BB4
:10B87000DE6BD46B010ED36F020ED56FD691EC0E3A
:10B88000F66E180EF76E000EF86E0001DCEC11F08B
:10B89000FE0EF66E180EF76E000EF86E0F0E0A0111
:10B8A0004E6F0001F7EC11F0D3C1E8F9370E090132
:10B8B000E96F00010FEC13F00D0EA6AC5DEF5CF02C
:10B8C0000E01F96F0A0E0001A6AC64EF5CF00E01E8
:10B8D000F96F140EF66E190EF76E000EF86E0F0E5D
:10B8E0000A014E6F0001F7EC11F0D4C1E8F9370EF0
:10B8F0000901E96F00010FEC13F00D0EA6AC7EEF0D
:10B900005CF00E01F96F0A0E0001A6AC85EF5CF049
:10B910000E01F96F2A0EF66E190EF76E000EF86E14
:10B920000F0E0A014E6F0001F7EC11F0D5C1E8F9D6
:10B93000370E0901E96F00010FEC13F00D0EA6ACF4
:10B940009FEF5CF00E01F96F0A0E0001A6ACA6EFA6
:10B950005CF00E01F96F000E0101D6B1010EDF6F30
:10B96000400EF66E190EF76E000EF86E0F0E0A01FD
:10B970004E6F0001F7EC11F0DFC1E8F9370E090155
:10B98000E96F00010FEC13F00D0EA6ACC5EF5CF0F3
:10B990000E01F96F0A0E0001A6ACCCEF5CF00E01AF
:10B9A000F96F560EF66E190EF76E000EF86E0F0E4A
:10B9B0000A014E6F0001F7EC11F0020E0101DF6F7A
:10B9C0000001300EA6ACE2EF5CF00E01F96F010150
:10B9D000DF2F02D004D000010001E1EF5CF0D7C1FD
:10B9E000E8F9370E0901E96F00010FEC13F00D0EB5
:10B9F000A6ACF8EF5CF00E01F96F0A0E0001A6ACE0
:10BA0000FFEF5CF00E01F96F6C0EF66E190EF76E1B
:10BA1000000EF86E0F0E0A014E6F0001F7EC11F0E8
:10BA2000020E0101DF6F0001300EA6AC15EF5DF0D4
:10BA30000E01F96F0101DF2F02D004D000010001D7
:10BA400014EF5DF030C1E8F9370E0901E96F00012C
:10BA50000FEC13F00D0EA6AC2BEF5DF00E01F96F9D
:10BA60000A0E0001A6AC32EF5DF00E01F96F010E77
:10BA70000101E06FD30EDF6F00012DEC58F0820E54
:10BA8000F66E190EF76E000EF86EDCEC11F041EF59
:10BA900081F02E0EA6AC4AEF5DF00E01F96F0001A9
:10BAA0007BEC29F07FEC29F00901DD6BDC6B0001F8
:10BAB000A7EC14F00901DD6BDC6B0001C8EC14F09D
:10BAC0007BEC29F07FEC29F0640E0B01036F000181
:10BAD000C5EC11F00101C96BCA6BCB6BCC6BCD6BA4
:10BAE000CE6BCF6BD06BD16BD26BD36BD46BD56B72
:10BAF000D66BD76BD86BD96BDA6BDB6BDC6BDD6B22
:10BB0000DE6BDF6BE06BE16BE26BE36BE46BE56BD1
:10BB1000E66BE76BE86BE96BEA6BEB6BEC6BED6B81
:10BB2000EE6BEF6BF06BF16BF26BF36BF46BF56B31
:10BB3000F66BF76BF86BF96BFA6BFB6BFC6BFD6BE1
:10BB4000FE6BFF6B0201006B016B026B036B046BFE
:10BB5000056B066B076B086B096B0A6B0B6B0C6B49
:10BB60000D6B0E6B0F6B106B116B126B136B146BF9
:10BB7000156B166B176B186B196B1A6B1B6B1C6BA9
:10BB80001D6B1E6B1F6B206B216B226B236B246B59
:10BB9000256B266B276B286B296B2A6B2B6B2C6B09
:10BBA0002D6B2E6B2F6B306B316B326B336B346BB9
:10BBB000356B366B376B386B396B3A6B3B6B3C6B69
:10BBC0003D6B3E6B3F6B406B416B426B436B446B19
:10BBD000456B466B476B486B496B4A6B4B6B4C6BC9
:10BBE0004D6B4E6B4F6B506B516B526B536B546B79
:10BBF000556B566B576B586B596B5A6B5B6B5C6B29
:10BC00005D6B5E6B5F6B606B616B626B636B646BD8
:10BC1000656B666B676B686B696B6A6B6B6B6C6B88
:10BC20006D6B6E6B6F6B706B716B726B736B746B38
:10BC3000756B766B776B786B796B7A6B7B6B7C6BE8
:10BC40007D6B7E6B7F6B806B816B826B836B846B98
:10BC5000856B866B876B886B896B8A6B8B6B8C6B48
:10BC60008D6B8E6B8F6B906B916B926B936B946BF8
:10BC7000956B966B976B986B996B9A6B9B6B9C6BA8
:10BC80009D6B9E6B9F6BA06BA16BA26BA36BA46B58
:10BC9000A56BA66BA76BA86BA96BAA6BAB6BAC6B08
:10BCA000AD6BAE6BAF6BB06BB16BB26BB36BB46BB8
:10BCB000B56BB66BB76BB86BB96BBA6BBB6BBC6B68
:10BCC000BD6BBE6BBF6BC06BC16BC26BC36BC46B18
:10BCD000C56BC66BC76BC86BC96BCA6BCB6BCC6BC8
:10BCE000CD6BCE6BCF6BD06BD16BD26BD36BD46B78
:10BCF000D56BD66BD76BD86BD96BDA6BDB6BDC6B28
:10BD0000DD6BDE6BDF6BE06BE16BE26BE36BE46BD7
:10BD1000E56BE66BE76BE86BE96BEA6BEB6BEC6B87
:10BD2000ED6BEE6BEF6BF06BF16BF26BF36BF46B37
:10BD3000F56BF66BF76BF86BF96BFA6BFB6BFC6BE7
:10BD4000FD6BFE6BFF6B0301006B016B026B036B02
:10BD5000046B056B066B076B086B096B0A6B0B6B4F
:10BD60000C6B0D6B0E6B0F6B106B116B126B136BFF
:10BD7000146B156B166B176B186B196B1A6B1B6BAF
:10BD80001C6B1D6B1E6B1F6B206B216B226B236B5F
:10BD9000246B256B266B276B286B296B2A6B2B6B0F
:10BDA0002C6B2D6B2E6B2F6B306B316B326B336BBF
:10BDB000346B356B366B376B386B396B3A6B3B6B6F
:10BDC0003C6B3D6B3E6B3F6B406B416B426B436B1F
:10BDD000446B456B466B476B486B496B4A6B4B6BCF
:10BDE0004C6B4D6B4E6B4F6B506B516B526B536B7F
:10BDF000546B556B566B576B586B596B5A6B5B6B2F
:10BE00005C6B5D6B5E6B5F6B606B616B626B636BDE
:10BE1000646B656B666B676B686B696B6A6B6B6B8E
:10BE20006C6B6D6B6E6B6F6B706B716B726B736B3E
:10BE3000746B756B766B776B786B796B7A6B7B6BEE
:10BE40007C6B7D6B7E6B7F6B806B816B826B836B9E
:10BE5000846B856B866B876B886B896B8A6B8B6B4E
:10BE60008C6B8D6B8E6B8F6B906B916B926B936BFE
:10BE7000946B956B966B976B986B996B9A6B9B6BAE
:10BE80009C6B9D6B9E6B9F6BA06BA16BA26BA36B5E
:10BE9000A46BA56BA66BA76BA86BA96BAA6BAB6B0E
:10BEA000AC6BAD6BAE6BAF6BB06BB16BB26BB36BBE
:10BEB000B46BB56BB66BB76BB86BB96BBA6BBB6B6E
:10BEC000BC6BBD6BBE6BBF6BC06BC16BC26BC36B1E
:10BED000C46BC56BC66BC76BC86BC96BCA6BCB6BCE
:10BEE000CC6BCD6BCE6BCF6BD06BD16BD26BD36B7E
:10BEF000D46BD56BD66BD76BD86BD96BDA6BDB6B2E
:10BF0000DC6BDD6BDE6BDF6BE06BE16BE26BE36BDD
:10BF1000E46BE56BE66BE76BE86BE96BEA6BEB6B8D
:10BF2000EC6BED6BEE6BEF6BF06BF16BF26BF36B3D
:10BF3000F46BF56BF66BF76BF86BF96BFA6BFB6BED
:10BF4000FC6BFD6BFE6BFF6B0401006B016B026B06
:10BF5000036B046B056B066B076B086B096B0A6B55
:10BF60000B6B0C6B0D6B0E6B0F6B106B116B126B05
:10BF7000136B146B156B166B176B186B196B1A6BB5
:10BF80001B6B1C6B1D6B1E6B1F6B206B216B226B65
:10BF9000236B246B256B266B276B286B296B2A6B15
:10BFA0002B6B2C6B2D6B2E6B2F6B306B316B326BC5
:10BFB000336B346B356B366B376B386B396B3A6B75
:10BFC0003B6B3C6B3D6B3E6B3F6B406B416B426B25
:10BFD000436B446B456B466B476B486B496B4A6BD5
:10BFE0004B6B4C6B4D6B4E6B4F6B506B516B526B85
:10BFF000536B546B556B566B576B586B596B5A6B35
:10C000005B6B5C6B5D6B5E6B5F6B606B616B626BE4
:10C01000636B646B656B666B676B686B696B6A6B94
:10C020006B6B6C6B6D6B6E6B6F6B706B716B726B44
:10C03000736B746B756B766B776B786B796B7A6BF4
:10C040007B6B7C6B7D6B7E6B7F6B806B816B826BA4
:10C05000836B846B856B866B876B886B896B8A6B54
:10C060008B6B8C6B8D6B8E6B8F6B906B916B926B04
:10C07000936B946B956B966B976B986B996B9A6BB4
:10C080009B6B9C6B9D6B9E6B9F6BA06BA16BA26B64
:10C09000A36BA46BA56BA66BA76BA86BA96BAA6B14
:10C0A000AB6BAC6BAD6BAE6BAF6BB06BB16BB26BC4
:10C0B000B36BB46BB56BB66BB76BB86BB96BBA6B74
:10C0C000BB6BBC6BBD6BBE6BBF6BC06BC16BC26B24
:10C0D000C36BC46BC56BC66BC76BC86BC96BCA6BD4
:10C0E000CB6BCC6BCD6BCE6BCF6BD06BD16BD26B84
:10C0F000D36BD46BD56BD66BD76BD86BD96BDA6B34
:10C10000DB6BDC6BDD6BDE6BDF6BE06BE16BE26BE3
:10C11000E36BE46BE56BE66BE76BE86BE96BEA6B93
:10C12000EB6BEC6BED6BEE6BEF6BF06BF16BF26B43
:10C13000F36BF46BF56BF66BF76BF86BF96BFA6BF3
:10C14000FB6BFC6BFD6BFE6BFF6B0501006B016B0A
:10C15000026B036B046B056B066B076B086B096B5B
:10C160000A6B0B6B0C6B0D6B0E6B0F6B106B116B0B
:10C17000126B136B146B156B166B176B186B196BBB
:10C180001A6B1B6B1C6B1D6B1E6B1F6B206B216B6B
:10C19000226B236B246B256B266B276B286B296B1B
:10C1A0002A6B2B6B2C6B2D6B2E6B2F6B306B316BCB
:10C1B000326B336B346B356B366B376B386B396B7B
:10C1C0003A6B3B6B3C6B3D6B3E6B3F6B406B416B2B
:10C1D000426B436B446B456B466B476B486B496BDB
:10C1E0004A6B4B6B4C6B4D6B4E6B4F6B506B516B8B
:10C1F000526B536B546B556B566B576B586B596B3B
:10C200005A6B5B6B5C6B5D6B5E6B5F6B606B616BEA
:10C21000626B636B646B656B666B676B686B696B9A
:10C220006A6B6B6B6C6B6D6B6E6B6F6B706B716B4A
:10C23000726B736B746B756B766B776B786B796BFA
:10C240007A6B7B6B7C6B7D6B7E6B7F6B806B816BAA
:10C25000826B836B846B856B866B876B886B896B5A
:10C260008A6B8B6B8C6B8D6B8E6B8F6B906B916B0A
:10C27000926B936B946B956B966B976B986B996BBA
:10C280009A6B9B6B9C6B9D6B9E6B9F6BA06BA16B6A
:10C29000A26BA36BA46BA56BA66BA76BA86BA96B1A
:10C2A000AA6BAB6BAC6BAD6BAE6BAF6BB06BB16BCA
:10C2B000B26BB36BB46BB56BB66BB76BB86BB96B7A
:10C2C000BA6BBB6BBC6BBD6BBE6BBF6BC06BC16B2A
:10C2D000C26BC36BC46BC56BC66BC76BC86B010EFF
:10C2E0000101C96FCB6BCA6B0501C881C96BCA6BF1
:10C2F000CB6BCC6BCD6BCE6BCF6BD06BD16BD26B72
:10C30000D36BD46BD56BD66BD76BD86BD96BDA6B21
:10C31000DB6BDC6BDD6BDE6BDF6BE06BE16BE26BD1
:10C32000E36BE46BE56BE66BE76BE86BE96BEA6B81
:10C33000EB6BEC6BED6BEE6BEF6BF06BF16BF26B31
:10C34000F36BF46BF56BF66BF76BF86BF96BFA6BE1
:10C35000FB6BFC6BFD6BFE6BFF6B0601006B016BF7
:10C36000026B036B046B056B066B076B086B096B49
:10C370000A6B0B6B0C6B0D6B0E6B0F6B106B116BF9
:10C38000126B136B146B156B166B176B186B196BA9
:10C390001A6B1B6B1C6B1D6B1E6B1F6B206B216B59
:10C3A000226B236B246B256B266B276B286B296B09
:10C3B0002A6B2B6B2C6B2D6B2E6B2F6B306B316BB9
:10C3C000326B336B346B356B366B376B386B396B69
:10C3D0003A6B3B6B3C6B3D6B3E6B3F6B406B416B19
:10C3E000426B436B446B456B466B476B486B496BC9
:10C3F0004A6B4B6B4C6B4D6B4E6B4F6B506B516B79
:10C40000526B536B546B556B566B576B586B596B28
:10C410005A6B5B6B5C6B5D6B5E6B5F6B606B616BD8
:10C42000626B636B646B656B666B676B686B696B88
:10C430006A6B6B6B6C6B6D6B6E6B6F6B706B716B38
:10C44000726B736B746B756B766B776B786B796BE8
:10C450007A6B7B6B7C6B7D6B7E6B7F6B806B816B98
:10C46000826B836B846B856B866B876B886B896B48
:10C470008A6B8B6B8C6B8D6B8E6B8F6B906B916BF8
:10C48000926B936B946B956B966B976B986B996BA8
:10C490009A6B9B6B9C6B9D6B9E6B9F6BA06BA16B58
:10C4A000A26BA36BA46BA56BA66BA76BA86BA96B08
:10C4B000AA6BAB6BAC6BAD6BAE6BAF6BB06BB16BB8
:10C4C000B26BB36BB46BB56BB66BB76BB86BB96B68
:10C4D000BA6BBB6BBC6BBD6BBE6BBF6BC06BC16B18
:10C4E000C26BC36BC46BC56BC66BC76BC86BC96BC8
:10C4F000CA6BCB6BCC6BCD6BCE6BCF6BD06BD16B78
:10C50000D26BD36BD46BD56BD66BD76BD86BD96B27
:10C51000DA6BDB6BDC6BDD6BDE6BDF6BE06BE16BD7
:10C52000E26BE36BE46BE56BE66BE76BE86BE96B87
:10C53000EA6BEB6BEC6BED6BEE6BEF6BF06BF16B37
:10C54000F26BF36BF46BF56BF66BF76BF86BF96BE7
:10C55000FA6BFB6BFC6BFD6BFE6BFF6B0701006BFB
:10C56000016B026B036B046B056B066B076B086B4F
:10C57000096B0A6B0B6B0C6B0D6B0E6B0F6B106BFF
:10C58000116B126B136B146B156B166B176B186BAF
:10C59000196B1A6B1B6B1C6B1D6B1E6B1F6B206B5F
:10C5A000216B226B236B246B256B266B276B286B0F
:10C5B000296B2A6B2B6B2C6B2D6B2E6B2F6B306BBF
:10C5C000316B326B336B346B356B366B376B386B6F
:10C5D000396B3A6B3B6B3C6B3D6B3E6B3F6B406B1F
:10C5E000416B426B436B446B456B466B476B486BCF
:10C5F000496B4A6B4B6B4C6B4D6B4E6B4F6B506B7F
:10C60000516B526B536B546B556B566B576B586B2E
:10C61000596B5A6B5B6B5C6B5D6B5E6B5F6B606BDE
:10C62000616B626B636B646B656B666B676B686B8E
:10C63000696B6A6B6B6B6C6B6D6B6E6B6F6B706B3E
:10C64000716B726B736B746B756B766B776B786BEE
:10C65000796B7A6B7B6B7C6B7D6B7E6B7F6B806B9E
:10C66000816B826B836B846B856B866B876B886B4E
:10C67000896B8A6B8B6B8C6B8D6B8E6B8F6B906BFE
:10C68000916B926B936B946B956B966B976B986BAE
:10C69000996B9A6B9B6B9C6B9D6B9E6B9F6BA06B5E
:10C6A000A16BA26BA36BA46BA56BA66BA76BA86B0E
:10C6B000A96BAA6BAB6BAC6BAD6BAE6BAF6BB06BBE
:10C6C000B16BB26BB36BB46BB56BB66BB76BB86B6E
:10C6D000B96BBA6BBB6BBC6BBD6BBE6BBF6BC06B1E
:10C6E000C16BC26BC36BC46BC56BC66BC76BC86BCE
:10C6F000C96BCA6BCB6BCC6BCD6BCE6BCF6BD06B7E
:10C70000D16BD26BD36BD46BD56BD66BD76BD86B2D
:10C71000D96BDA6BDB6BDC6BDD6BDE6BDF6BE06BDD
:10C72000E16BE26BE36BE46BE56BE66BE76BE86B8D
:10C73000E96BEA6BEB6BEC6BED6BEE6BEF6BF06B3D
:10C74000F16BF26BF36BF46BF56BF66BF76BF86BED
:10C75000F96BFA6BFB6BFC6BFD6BFE6BFF6B0801FF
:10C76000006B016B026B036B046B056B066B076B55
:10C77000086B096B0A6B0B6B0C6B0D6B0E6B0F6B05
:10C78000106B116B126B136B146B156B166B176BB5
:10C79000186B196B1A6B1B6B1C6B1D6B1E6B1F6B65
:10C7A000206B216B226B236B246B256B266B276B15
:10C7B000286B296B2A6B2B6B2C6B2D6B2E6B2F6BC5
:10C7C000306B316B326B336B346B356B366B376B75
:10C7D000386B396B3A6B3B6B3C6B3D6B3E6B3F6B25
:10C7E000406B416B426B436B446B456B466B476BD5
:10C7F000486B496B4A6B4B6B4C6B4D6B4E6B4F6B85
:10C80000506B516B526B536B546B556B566B576B34
:10C81000586B596B5A6B5B6B5C6B5D6B5E6B5F6BE4
:10C82000606B616B626B636B646B656B666B676B94
:10C83000686B696B6A6B6B6B6C6B6D6B6E6B6F6B44
:10C84000706B716B726B736B746B756B766B776BF4
:10C85000786B796B7A6B7B6B7C6B7D6B7E6B7F6BA4
:10C86000806B816B826B836B846B856B866B876B54
:10C87000886B896B8A6B8B6B8C6B8D6B8E6B8F6B04
:10C88000906B916B926B936B946B956B966B976BB4
:10C89000986B996B9A6B9B6B9C6B9D6B9E6B9F6B64
:10C8A000A06BA16BA26BA36BA46BA56BA66BA76B14
:10C8B000A86BA96BAA6BAB6BAC6BAD6BAE6BAF6BC4
:10C8C000B06BB16BB26BB36BB46BB56BB66BB76B74
:10C8D000B86BB96BBA6BBB6BBC6BBD6BBE6BBF6B24
:10C8E000C06BC16BC26BC36BC46BC56BC66BC76BD4
:10C8F000C86BC96BCA6BCB6BCC6BCD6BCE6BCF6B84
:10C90000D06BD16BD26BD36BD46BD56BD66BD76B33
:10C91000D86BD96BDA6BDB6BDC6BDD6BDE6BDF6BE3
:10C92000E06BE16BE26BE36BE46BE56BE66BE76B93
:10C93000E86BE96BEA6BEB6BEC6BED6BEE6BEF6B43
:10C94000F06BF16BF26BF36BF46BF56BF66BF76BF3
:10C95000F86BF96BFA6BFB6BFC6BFD6BFE6BFF6BA3
:10C960000901006B016B026B036B046B056B066BBB
:10C97000076B086B096B0A6B0B6B0C6B0D6B0E6B0B
:10C980000F6B106B116B126B136B146B156B166BBB
:10C99000176B186B196B1A6B1B6B1C6B1D6B1E6B6B
:10C9A0001F6B206B216B226B236B246B256B266B1B
:10C9B000276B286B296B2A6B2B6B2C6B2D6B2E6BCB
:10C9C0002F6B306B316B326B336B346B356B366B7B
:10C9D000376B386B396B3A6B3B6B3C6B3D6B3E6B2B
:10C9E0003F6B406B416B426B436B446B456B466BDB
:10C9F000476B486B496B4A6B4B6B4C6B4D6B4E6B8B
:10CA00004F6B506B516B526B536B546B556B566B3A
:10CA1000576B586B596B5A6B5B6B5C6B5D6B5E6BEA
:10CA20005F6B606B616B626B636B646B656B666B9A
:10CA3000676B686B696B6A6B6B6B6C6B6D6B6E6B4A
:10CA40006F6B706B716B726B736B746B756B766BFA
:10CA5000776B786B796B7A6B7B6B7C6B7D6B7E6BAA
:10CA60007F6B806B816B826B836B846B856B866B5A
:10CA7000876B886B896B8A6B8B6B8C6B8D6B8E6B0A
:10CA80008F6B906B916B926B936B946B956B966BBA
:10CA9000976B986B996B9A6B9B6B9C6B9D6B9E6B6A
:10CAA0009F6BA06BA16BA26BA36BA46BA56BA66B1A
:10CAB000A76BA86BA96BAA6BAB6BAC6BAD6BAE6BCA
:10CAC000AF6BB06BB16BB26BB36BB46BB56BB66B7A
:10CAD000B76BB86BB96BBA6BBB6BBC6BBD6BBE6B2A
:10CAE000BF6BC06BC16BC26BC36BC46BC56BC66BDA
:10CAF000C76BC86B020E0501C96FCB6BCA6B09010E
:10CB0000C881CA6B010EC96F0001DCEC49F002C09C
:10CB100003F00150E16E03C0E2FF090EEA6ECB0E96
:10CB2000E96E0C0E016EE6CFEEFF012E93EF65F07D
:10CB30000501C8A103D00001A6EF65F000010901BD
:10CB4000C8B103D0000114EF67F00001CAC9DDF9D4
:10CB5000C9C9DCF9A7EC14F0CAC9DDF9C9C9DCF907
:10CB6000C8EC14F00D0E006E002EFED70501C8B102
:10CB700003D0000164EF66F00001010E0901EE6FC1
:10CB80000001CFEC12F00901DA6BD96B02C0D8F9C1
:10CB900001C0D7F90001010E0901EE6F0001CFECD1
:10CBA00012F002C003F001500901D7270350D82327
:10CBB000000ED923000EDA23D890DA33D933D833D4
:10CBC000D733C935026ECA35036E02360336FC0E02
:10CBD00002160250CC0F016E010E03220150DE6FCF
:10CBE00003C0DFF9080EEE6F0001CFEC12F0DFC9D1
:10CBF000EAFFDEC9E9FF02C0ECFFED5201C0EFFF22
:10CC00000901C935026ECA35036E02360336FC0EC1
:10CC100002160250030FDC6F000E0320DD6F020EC0
:10CC2000DC25016E000EDD21036E0150C90FE96E97
:10CC3000010E0320EA6ED7C9EFFFD8C9ECFFED5211
:10CC4000010EC9250101CA6F000E0901CA210101A7
:10CC5000CB6F0901C935026ECA35036E0236033641
:10CC6000FC0E02160250030FDC6F000E0320DD6F76
:10CC7000020EDC25016E000EDD21036E0150C90F8E
:10CC8000E96E010E0320EA6EECCFDDF9ED52EFCF35
:10CC9000DCF9DD510101C85DD8B003D0000164EFBB
:10CCA00066F00001D8A45FEF66F00101C7510901E9
:10CCB000DC5DD8A003D0000164EF66F0000105013F
:10CCC000C89100011DEC4AF00901C8B103D0000170
:10CCD000FCEF66F000010901C935026ECA35036E2A
:10CCE00002360336FC0E02160250CC0F016E050E02
:10CCF00003220150DE6F03C0DFF90A0EEE6F000160
:10CD0000CFEC12F0DFC9EAFFDEC9E9FF02C0ECFF99
:10CD1000ED5201C0EFFF0901C935026ECA35036E3D
:10CD200002360336FC0E02160250030FDC6F000EB3
:10CD30000320DD6F020EDC25016E000EDD21036E87
:10CD40000150C90F016E050E03220150DC6F03C0B4
:10CD5000DDF9050EEE6F0001CFEC12F0DDC9EAFF40
:10CD6000DCC9E9FF02C0ECFFED5201C0EFFF010E8C
:10CD70000901C9250501CA6F000E0901CA21050173
:10CD8000CB6F0901C935026ECA35036E0236033610
:10CD9000FC0E02160250030FDC6F000E0320DD6F45
:10CDA000020EDC25016E000EDD21036E0150C90F5D
:10CDB000E96E050E0320EA6EECCFDDF9ED52EFCF00
:10CDC000DCF9DD510101C85DD8B003D00001FCEFF2
:10CDD00066F00001D8A4F7EF66F00101C751090120
:10CDE000DC5DD8A003D00001FCEF66F00001090172
:10CDF000C891000121EC4AF00901C92BD8B4CA2B13
:10CE0000CA53D8B403D0000110EF67F00001090144
:10CE1000C951FE08D8A003D0000112EF67F000014D
:10CE200014EF67F098EF65F00901DB6B0001090171
:10CE3000CA53D8B403D0000128EF67F000010901FC
:10CE4000C951DB5DD8A003D0000102EF68F00001FA
:10CE50000A01536BDBC952FA556B040E546F000183
:10CE600091EC41F002C003F00150CC0FE96E010ECD
:10CE70000320EA6EECCFDFF9ED52EFCFDEF90A01C5
:10CE8000536BDBC952FA556B040E546F000191ECE1
:10CE900041F002C003F00150030F0901E06F000EE2
:10CEA0000320E16F020EE025016E000EE121036E0A
:10CEB0000150C90FE96E010E0320EA6EECCFE1F9D3
:10CEC000ED52EFCFE0F90A01536BDBC952FA556B13
:10CED000040E546F000191EC41F002C003F00150C8
:10CEE000CC0FE96E050E0320EA6EECCFE5F9ED52AA
:10CEF000EFCFE4F90A01536BDBC952FA556B040E0C
:10CF0000546F000191EC41F002C003F00150030F97
:10CF10000901E66F000E0320E76F020EE625016EA1
:10CF2000000EE721036E0150C90FE96E050E0320C4
:10CF3000EA6EECCFE7F9ED52EFCFE6F9DFC9E8F999
:10CF4000370EE96F00010FEC13F0DEC9E8F9370E78
:10CF50000901E96F00010FEC13F02C0EA6ACAEEF47
:10CF600067F00E01F96FE1C9E8F9370E0901E96FC1
:10CF700000010FEC13F0E0C9E8F9370E0901E96F81
:10CF800000010FEC13F02C0EA6ACC4EF67F00E01FD
:10CF9000F96FE5C9E8F9370E0901E96F00010FECF7
:10CFA00013F0E4C9E8F9370E0901E96F00010FEC4D
:10CFB00013F02C0EA6ACDAEF67F00E01F96FE7C99B
:10CFC000E8F9370E0901E96F00010FEC13F0E6C92B
:10CFD000E8F9370E0901E96F00010FEC13F00D0EAF
:10CFE000A6ACF0EF67F00E01F96F0A0E0001A6ACD7
:10CFF000F7EF67F00E01F96F00010901DB2B00016B
:10D0000017EF67F064EF69F09E0EF66E190EF76E7B
:10D01000000EF86EDCEC11F0B0C1E6F1AFC1E5F145
:10D02000A2EC41F002C003F00150E16E03C0E2FF48
:10D03000010EEA6EB10EE96E0C0E016EE6CFEEFF48
:10D04000012E1EEF68F0B40EF66E190EF76E000E8C
:10D05000F86E050E0A014E6F0001F7EC11F0B1C138
:10D06000E8F9370E0901E96F00010FEC13F00D0E1E
:10D07000A6AC38EF68F00E01F96F0A0E0001A6ACFD
:10D080003FEF68F00E01F96FC00EF66E190EF76EE5
:10D09000000EF86E150E0A014E6F0001F7EC11F04C
:10D0A000020E0101C56F0001300EA6AC55EF68F00D
:10D0B0000E01F96F0101C52F02D004D0000100015B
:10D0C00054EF68F0B2C1E8F9370E0901E96F0001C9
:10D0D0000FEC13F00D0EA6AC6BEF68F00E01F96FBC
:10D0E0000A0E0001A6AC72EF68F00E01F96FDC0EBB
:10D0F000F66E190EF76E000EF86E150E0A014E6FE1
:10D100000001F7EC11F0020E0101C56F0001300EB5
:10D11000A6AC88EF68F00E01F96F0101C52F02D0AF
:10D1200004D00001000187EF68F0B4C1E8F9370EC0
:10D130000901E96F00010FEC13F00D0EA6AC9EEF94
:10D1400068F00E01F96F0A0E0001A6ACA5EF68F0B9
:10D150000E01F96FF80EF66E190EF76E000EF86EEE
:10D16000150E0A014E6F0001F7EC11F0020E0101DD
:10D17000C56F0001300EA6ACBBEF68F00E01F96F71
:10D180000101C52F02D004D000010001BAEF68F000
:10D19000B6C1E8F9370E0901E96F00010FEC13F091
:10D1A0000D0EA6ACD1EF68F00E01F96F0A0E00016A
:10D1B000A6ACD8EF68F00E01F96F140EF66E1A0ED9
:10D1C000F76E000EF86E150E0A014E6F0001F7ECB7
:10D1D00011F0020E0101C56F0001300EA6ACEEEF9A
:10D1E00068F00E01F96F0101C52F02D004D00001D3
:10D1F0000001EDEF68F0B8C1E8F9370E0901E96FF9
:10D2000000010FEC13F00D0EA6AC04EF69F00E0157
:10D21000F96F0A0E0001A6AC0BEF69F00E01F96F71
:10D22000300EF66E1A0EF76E000EF86E150E0A012D
:10D230004E6F0001F7EC11F0020E0101C56F000105
:10D24000300EA6AC21EF69F00E01F96F0101C52F78
:10D2500002D004D00001000120EF69F0BAC1E8F962
:10D26000370E0901E96F00010FEC13F00D0EA6ACAB
:10D2700037EF69F00E01F96F0A0E0001A6AC3EEF20
:10D2800069F00E01F96FB1C10FF20201106B0001DC
:10D29000E7EC28F07DEC1EF003C0C0F102C0BFF146
:10D2A00001C0BEF100C0BDF10101C46BC36BC26B14
:10D2B000C16BB5C1C6F1B4C1C5F1B9C1C8F1B8C13E
:10D2C000C7F1000149EF5DF0B1C10FF20201106931
:10D2D0000001E7EC28F04C0EF66E1A0EF76E000E09
:10D2E000F86EDCEC11F049EF81F00101B26B640ED5
:10D2F000B16FB469B36900017DEC1EF003C0B8F1F1
:10D3000002C0B7F101C0B6F100C0B5F10101B151E1
:10D31000B55DB96FB251B659BA6F000EB759BB6F50
:10D32000000EB859BC6F680EF66E1A0EF76E000E3E
:10D33000F86E0001DCEC11F07DEC1EF003C0B8F1DA
:10D3400002C0B7F101C0B6F100C0B5F10101B95199
:10D35000B55DCF6FBA51B659D06FBB51B759D16FC8
:10D36000BC51B859D26FD253D8B403D00001D7EF13
:10D3700069F000010101D153D8B403D00001D7EF07
:10D3800069F000010101B251D05DD8B003D00001B5
:10D39000E5EF69F00001D8A4D7EF69F00101B151C0
:10D3A000CF5DD8B003D00001E5EF69F00001B8C14E
:10D3B000BCF1B7C1BBF1B6C1BAF1B5C1B9F1010E4B
:10D3C0000B01036F0001C5EC11F09CEF69F051EF08
:10D3D00081F0030E0101B06FAF6B070EB26FE00E6C
:10D3E000B16F00017BEC29F07FEC29F00901DD6BC6
:10D3F000DC6B0001A7EC14F00901DD6BDC6B0001B4
:10D40000C8EC14F0640E0B01036F0001C5EC11F0C1
:10D410000101B36BB46BB56BB66BB76BB86BB96B23
:10D42000BA6BBB6BBC6BBD6BBE6BBF6BC06BC16BB8
:10D43000C26BC36BC46BC56BC66BC76BC86BC96B68
:10D44000CA6BCB6BCC6BCD6BCE6BCF6BD06BD16B18
:10D45000D26BD36BD46BD56BD66BD76BD86BD96BC8
:10D46000DA6BDB6BDC6BDD6BDE6BDF6BE06BE16B78
:10D47000E26BE36BE46BE56BE66BE76BE86BE96B28
:10D48000EA6BEB6BEC6BED6BEE6BEF6BF06BF16BD8
:10D49000F26BF36BF46BF56BF66BF76BF86BF96B88
:10D4A000FA6BFB6BFC6BFD6BFE6BFF6B0201006BA1
:10D4B000016B026B036B046B056B066B076B086BF0
:10D4C000096B0A6B0B6B0C6B0D6B0E6B0F6B106BA0
:10D4D000116B126B136B146B156B166B176B186B50
:10D4E000196B1A6B1B6B1C6B1D6B1E6B1F6B206B00
:10D4F000216B226B236B246B256B266B276B286BB0
:10D50000296B2A6B2B6B2C6B2D6B2E6B2F6B306B5F
:10D51000316B326B336B346B356B366B376B386B0F
:10D52000396B3A6B3B6B3C6B3D6B3E6B3F6B406BBF
:10D53000416B426B436B446B456B466B476B486B6F
:10D54000496B4A6B4B6B4C6B4D6B4E6B4F6B506B1F
:10D55000516B526B536B546B556B566B576B586BCF
:10D56000596B5A6B5B6B5C6B5D6B5E6B5F6B606B7F
:10D57000616B626B636B646B656B666B676B686B2F
:10D58000696B6A6B6B6B6C6B6D6B6E6B6F6B706BDF
:10D59000716B726B736B746B756B766B776B786B8F
:10D5A000796B7A6B7B6B7C6B7D6B7E6B7F6B806B3F
:10D5B000816B826B836B846B856B866B876B886BEF
:10D5C000896B8A6B8B6B8C6B8D6B8E6B8F6B906B9F
:10D5D000916B926B936B946B956B966B976B986B4F
:10D5E000996B9A6B9B6B9C6B9D6B9E6B9F6BA06BFF
:10D5F000A16BA26BA36BA46BA56BA66BA76BA86BAF
:10D60000A96BAA6BAB6BAC6BAD6BAE6BAF6BB06B5E
:10D61000B16BB26BB36BB46BB56BB66BB76BB86B0E
:10D62000B96BBA6BBB6BBC6BBD6BBE6BBF6BC06BBE
:10D63000C16BC26BC36BC46BC56BC66BC76BC86B6E
:10D64000C96BCA6BCB6BCC6BCD6BCE6BCF6BD06B1E
:10D65000D16BD26BD36BD46BD56BD66BD76BD86BCE
:10D66000D96BDA6BDB6BDC6BDD6BDE6BDF6BE06B7E
:10D67000E16BE26BE36BE46BE56BE66BE76BE86B2E
:10D68000E96BEA6BEB6BEC6BED6BEE6BEF6BF06BDE
:10D69000F16BF26BF36BF46BF56BF66BF76BF86B8E
:10D6A000F96BFA6BFB6BFC6BFD6BFE6BFF6B0301A5
:10D6B000006B016B026B036B046B056B066B076BF6
:10D6C000086B096B0A6B0B6B0C6B0D6B0E6B0F6BA6
:10D6D000106B116B126B136B146B156B166B176B56
:10D6E000186B196B1A6B1B6B1C6B1D6B1E6B1F6B06
:10D6F000206B216B226B236B246B256B266B276BB6
:10D70000286B296B2A6B2B6B2C6B2D6B2E6B2F6B65
:10D71000306B316B326B336B346B356B366B376B15
:10D72000386B396B3A6B3B6B3C6B3D6B3E6B3F6BC5
:10D73000406B416B426B436B446B456B466B476B75
:10D74000486B496B4A6B4B6B4C6B4D6B4E6B4F6B25
:10D75000506B516B526B536B546B556B566B576BD5
:10D76000586B596B5A6B5B6B5C6B5D6B5E6B5F6B85
:10D77000606B616B626B636B646B656B666B676B35
:10D78000686B696B6A6B6B6B6C6B6D6B6E6B6F6BE5
:10D79000706B716B726B736B746B756B766B776B95
:10D7A000786B796B7A6B7B6B7C6B7D6B7E6B7F6B45
:10D7B000806B816B826B836B846B856B866B876BF5
:10D7C000886B896B8A6B8B6B8C6B8D6B8E6B8F6BA5
:10D7D000906B916B926B936B946B956B966B976B55
:10D7E000986B996B9A6B9B6B9C6B9D6B9E6B9F6B05
:10D7F000A06BA16BA26BA36BA46BA56BA66BA76BB5
:10D80000A86BA96BAA6BAB6BAC6BAD6BAE6BAF6B64
:10D81000B06BB16BB26BB36BB46BB56BB66BB76B14
:10D82000B86BB96BBA6BBB6BBC6BBD6BBE6BBF6BC4
:10D83000C06BC16BC26BC36BC46BC56BC66BC76B74
:10D84000C86BC96BCA6BCB6BCC6BCD6BCE6BCF6B24
:10D85000D06BD16BD26BD36BD46BD56BD66BD76BD4
:10D86000D86BD96BDA6BDB6BDC6BDD6BDE6BDF6B84
:10D87000E06BE16BE26BE36BE46BE56BE66BE76B34
:10D88000E86BE96BEA6BEB6BEC6BED6BEE6BEF6BE4
:10D89000F06BF16BF26BF36BF46BF56BF66BF76B94
:10D8A000F86BF96BFA6BFB6BFC6BFD6BFE6BFF6B44
:10D8B0000401006B016B026B036B046B056B066B61
:10D8C000076B086B096B0A6B0B6B0C6B0D6B0E6BAC
:10D8D0000F6B106B116B126B136B146B156B166B5C
:10D8E000176B186B196B1A6B1B6B1C6B1D6B1E6B0C
:10D8F0001F6B206B216B226B236B246B256B266BBC
:10D90000276B286B296B2A6B2B6B2C6B2D6B2E6B6B
:10D910002F6B306B316B326B336B346B356B366B1B
:10D92000376B386B396B3A6B3B6B3C6B3D6B3E6BCB
:10D930003F6B406B416B426B436B446B456B466B7B
:10D94000476B486B496B4A6B4B6B4C6B4D6B4E6B2B
:10D950004F6B506B516B526B536B546B556B566BDB
:10D96000576B586B596B5A6B5B6B5C6B5D6B5E6B8B
:10D970005F6B606B616B626B636B646B656B666B3B
:10D98000676B686B696B6A6B6B6B6C6B6D6B6E6BEB
:10D990006F6B706B716B726B736B746B756B766B9B
:10D9A000776B786B796B7A6B7B6B7C6B7D6B7E6B4B
:10D9B0007F6B806B816B826B836B846B856B866BFB
:10D9C000876B886B896B8A6B8B6B8C6B8D6B8E6BAB
:10D9D0008F6B906B916B926B936B946B956B966B5B
:10D9E000976B986B996B9A6B9B6B9C6B9D6B9E6B0B
:10D9F0009F6BA06BA16BA26BA36BA46BA56BA66BBB
:10DA0000A76BA86BA96BAA6BAB6BAC6BAD6BAE6B6A
:10DA1000AF6BB06BB16BB26BB36BB46BB56BB66B1A
:10DA2000B76BB86BB96BBA6BBB6BBC6BBD6BBE6BCA
:10DA3000BF6BC06BC16BC26BC36BC46BC56BC66B7A
:10DA4000C76BC86BC96BCA6BCB6BCC6BCD6BCE6B2A
:10DA5000CF6BD06BD16BD26BD36BD46BD56BD66BDA
:10DA6000D76BD86BD96BDA6BDB6BDC6BDD6BDE6B8A
:10DA7000DF6BE06BE16BE26BE36BE46BE56BE66B3A
:10DA8000E76BE86BE96BEA6BEB6BEC6BED6BEE6BEA
:10DA9000EF6BF06BF16BF26BF36BF46BF56BF66B9A
:10DAA000F76BF86BF96BFA6BFB6BFC6BFD6BFE6B4A
:10DAB000FF6B0501006B016B026B036B046B056B65
:10DAC000066B076B086B096B0A6B0B6B0C6B0D6BB2
:10DAD0000E6B0F6B106B116B126B136B146B156B62
:10DAE000166B176B186B196B1A6B1B6B1C6B1D6B12
:10DAF0001E6B1F6B206B216B226B236B246B256BC2
:10DB0000266B276B286B296B2A6B2B6B2C6B2D6B71
:10DB10002E6B2F6B306B316B326B336B346B356B21
:10DB2000366B376B386B396B3A6B3B6B3C6B3D6BD1
:10DB30003E6B3F6B406B416B426B436B446B456B81
:10DB4000466B476B486B496B4A6B4B6B4C6B4D6B31
:10DB50004E6B4F6B506B516B526B536B546B556BE1
:10DB6000566B576B586B596B5A6B5B6B5C6B5D6B91
:10DB70005E6B5F6B606B616B626B636B646B656B41
:10DB8000666B676B686B696B6A6B6B6B6C6B6D6BF1
:10DB90006E6B6F6B706B716B726B736B746B756BA1
:10DBA000766B776B786B796B7A6B7B6B7C6B7D6B51
:10DBB0007E6B7F6B806B816B826B836B846B856B01
:10DBC000866B876B886B896B8A6B8B6B8C6B8D6BB1
:10DBD0008E6B8F6B906B916B926B936B946B956B61
:10DBE000966B976B986B996B9A6B9B6B9C6B9D6B11
:10DBF0009E6B9F6BA06BA16BA26BA36BA46BA56BC1
:10DC0000A66BA76BA86BA96BAA6BAB6BAC6BAD6B70
:10DC1000AE6BAF6BB06BB16BB26B010E0101B36F4A
:10DC2000B56BB46B0501B281B36BB46BB56BB66BFE
:10DC3000B76BB86BB96BBA6BBB6BBC6BBD6BBE6BB8
:10DC4000BF6BC06BC16BC26BC36BC46BC56BC66B68
:10DC5000C76BC86BC96BCA6BCB6BCC6BCD6BCE6B18
:10DC6000CF6BD06BD16BD26BD36BD46BD56BD66BC8
:10DC7000D76BD86BD96BDA6BDB6BDC6BDD6BDE6B78
:10DC8000DF6BE06BE16BE26BE36BE46BE56BE66B28
:10DC9000E76BE86BE96BEA6BEB6BEC6BED6BEE6BD8
:10DCA000EF6BF06BF16BF26BF36BF46BF56BF66B88
:10DCB000F76BF86BF96BFA6BFB6BFC6BFD6BFE6B38
:10DCC000FF6B0601006B016B026B036B046B056B52
:10DCD000066B076B086B096B0A6B0B6B0C6B0D6BA0
:10DCE0000E6B0F6B106B116B126B136B146B156B50
:10DCF000166B176B186B196B1A6B1B6B1C6B1D6B00
:10DD00001E6B1F6B206B216B226B236B246B256BAF
:10DD1000266B276B286B296B2A6B2B6B2C6B2D6B5F
:10DD20002E6B2F6B306B316B326B336B346B356B0F
:10DD3000366B376B386B396B3A6B3B6B3C6B3D6BBF
:10DD40003E6B3F6B406B416B426B436B446B456B6F
:10DD5000466B476B486B496B4A6B4B6B4C6B4D6B1F
:10DD60004E6B4F6B506B516B526B536B546B556BCF
:10DD7000566B576B586B596B5A6B5B6B5C6B5D6B7F
:10DD80005E6B5F6B606B616B626B636B646B656B2F
:10DD9000666B676B686B696B6A6B6B6B6C6B6D6BDF
:10DDA0006E6B6F6B706B716B726B736B746B756B8F
:10DDB000766B776B786B796B7A6B7B6B7C6B7D6B3F
:10DDC0007E6B7F6B806B816B826B836B846B856BEF
:10DDD000866B876B886B896B8A6B8B6B8C6B8D6B9F
:10DDE0008E6B8F6B906B916B926B936B946B956B4F
:10DDF000966B976B986B996B9A6B9B6B9C6B9D6BFF
:10DE00009E6B9F6BA06BA16BA26BA36BA46BA56BAE
:10DE1000A66BA76BA86BA96BAA6BAB6BAC6BAD6B5E
:10DE2000AE6BAF6BB06BB16BB26BB36BB46BB56B0E
:10DE3000B66BB76BB86BB96BBA6BBB6BBC6BBD6BBE
:10DE4000BE6BBF6BC06BC16BC26BC36BC46BC56B6E
:10DE5000C66BC76BC86BC96BCA6BCB6BCC6BCD6B1E
:10DE6000CE6BCF6BD06BD16BD26BD36BD46BD56BCE
:10DE7000D66BD76BD86BD96BDA6BDB6BDC6BDD6B7E
:10DE8000DE6BDF6BE06BE16BE26BE36BE46BE56B2E
:10DE9000E66BE76BE86BE96BEA6BEB6BEC6BED6BDE
:10DEA000EE6BEF6BF06BF16BF26BF36BF46BF56B8E
:10DEB000F66BF76BF86BF96BFA6BFB6BFC6BFD6B3E
:10DEC000FE6BFF6B0701006B016B026B036B046B56
:10DED000056B066B076B086B096B0A6B0B6B0C6BA6
:10DEE0000D6B0E6B0F6B106B116B126B136B146B56
:10DEF000156B166B176B186B196B1A6B1B6B1C6B06
:10DF00001D6B1E6B1F6B206B216B226B236B246BB5
:10DF1000256B266B276B286B296B2A6B2B6B2C6B65
:10DF20002D6B2E6B2F6B306B316B326B336B346B15
:10DF3000356B366B376B386B396B3A6B3B6B3C6BC5
:10DF40003D6B3E6B3F6B406B416B426B436B446B75
:10DF5000456B466B476B486B496B4A6B4B6B4C6B25
:10DF60004D6B4E6B4F6B506B516B526B536B546BD5
:10DF7000556B566B576B586B596B5A6B5B6B5C6B85
:10DF80005D6B5E6B5F6B606B616B626B636B646B35
:10DF9000656B666B676B686B696B6A6B6B6B6C6BE5
:10DFA0006D6B6E6B6F6B706B716B726B736B746B95
:10DFB000756B766B776B786B796B7A6B7B6B7C6B45
:10DFC0007D6B7E6B7F6B806B816B826B836B846BF5
:10DFD000856B866B876B886B896B8A6B8B6B8C6BA5
:10DFE0008D6B8E6B8F6B906B916B926B936B946B55
:10DFF000956B966B976B986B996B9A6B9B6B9C6B05
:10E000009D6B9E6B9F6BA06BA16BA26BA36BA46BB4
:10E01000A56BA66BA76BA86BA96BAA6BAB6BAC6B64
:10E02000AD6BAE6BAF6BB06BB16BB26BB36BB46B14
:10E03000B56BB66BB76BB86BB96BBA6BBB6BBC6BC4
:10E04000BD6BBE6BBF6BC06BC16BC26BC36BC46B74
:10E05000C56BC66BC76BC86BC96BCA6BCB6BCC6B24
:10E06000CD6BCE6BCF6BD06BD16BD26BD36BD46BD4
:10E07000D56BD66BD76BD86BD96BDA6BDB6BDC6B84
:10E08000DD6BDE6BDF6BE06BE16BE26BE36BE46B34
:10E09000E56BE66BE76BE86BE96BEA6BEB6BEC6BE4
:10E0A000ED6BEE6BEF6BF06BF16BF26BF36BF46B94
:10E0B000F56BF66BF76BF86BF96BFA6BFB6BFC6B44
:10E0C000FD6BFE6BFF6B0801006B016B026B036B5A
:10E0D000046B056B066B076B086B096B0A6B0B6BAC
:10E0E0000C6B0D6B0E6B0F6B106B116B126B136B5C
:10E0F000146B156B166B176B186B196B1A6B1B6B0C
:10E100001C6B1D6B1E6B1F6B206B216B226B236BBB
:10E11000246B256B266B276B286B296B2A6B2B6B6B
:10E120002C6B2D6B2E6B2F6B306B316B326B336B1B
:10E13000346B356B366B376B386B396B3A6B3B6BCB
:10E140003C6B3D6B3E6B3F6B406B416B426B436B7B
:10E15000446B456B466B476B486B496B4A6B4B6B2B
:10E160004C6B4D6B4E6B4F6B506B516B526B536BDB
:10E17000546B556B566B576B586B596B5A6B5B6B8B
:10E180005C6B5D6B5E6B5F6B606B616B626B636B3B
:10E19000646B656B666B676B686B696B6A6B6B6BEB
:10E1A0006C6B6D6B6E6B6F6B706B716B726B736B9B
:10E1B000746B756B766B776B786B796B7A6B7B6B4B
:10E1C0007C6B7D6B7E6B7F6B806B816B826B836BFB
:10E1D000846B856B866B876B886B896B8A6B8B6BAB
:10E1E0008C6B8D6B8E6B8F6B906B916B926B936B5B
:10E1F000946B956B966B976B986B996B9A6B9B6B0B
:10E200009C6B9D6B9E6B9F6BA06BA16BA26BA36BBA
:10E21000A46BA56BA66BA76BA86BA96BAA6BAB6B6A
:10E22000AC6BAD6BAE6BAF6BB06BB16BB26BB36B1A
:10E23000B46BB56BB66BB76BB86BB96BBA6BBB6BCA
:10E24000BC6BBD6BBE6BBF6BC06BC16BC26BC36B7A
:10E25000C46BC56BC66BC76BC86BC96BCA6BCB6B2A
:10E26000CC6BCD6BCE6BCF6BD06BD16BD26BD36BDA
:10E27000D46BD56BD66BD76BD86BD96BDA6BDB6B8A
:10E28000DC6BDD6BDE6BDF6BE06BE16BE26BE36B3A
:10E29000E46BE56BE66BE76BE86BE96BEA6BEB6BEA
:10E2A000EC6BED6BEE6BEF6BF06BF16BF26BF36B9A
:10E2B000F46BF56BF66BF76BF86BF96BFA6BFB6B4A
:10E2C000FC6BFD6BFE6BFF6B0901006B016B026B5E
:10E2D000036B046B056B066B076B086B096B0A6BB2
:10E2E0000B6B0C6B0D6B0E6B0F6B106B116B126B62
:10E2F000136B146B156B166B176B186B196B1A6B12
:10E300001B6B1C6B1D6B1E6B1F6B206B216B226BC1
:10E31000236B246B256B266B276B286B296B2A6B71
:10E320002B6B2C6B2D6B2E6B2F6B306B316B326B21
:10E33000336B346B356B366B376B386B396B3A6BD1
:10E340003B6B3C6B3D6B3E6B3F6B406B416B426B81
:10E35000436B446B456B466B476B486B496B4A6B31
:10E360004B6B4C6B4D6B4E6B4F6B506B516B526BE1
:10E37000536B546B556B566B576B586B596B5A6B91
:10E380005B6B5C6B5D6B5E6B5F6B606B616B626B41
:10E39000636B646B656B666B676B686B696B6A6BF1
:10E3A0006B6B6C6B6D6B6E6B6F6B706B716B726BA1
:10E3B000736B746B756B766B776B786B796B7A6B51
:10E3C0007B6B7C6B7D6B7E6B7F6B806B816B826B01
:10E3D000836B846B856B866B876B886B896B8A6BB1
:10E3E0008B6B8C6B8D6B8E6B8F6B906B916B926B61
:10E3F000936B946B956B966B976B986B996B9A6B11
:10E400009B6B9C6B9D6B9E6B9F6BA06BA16BA26BC0
:10E41000A36BA46BA56BA66BA76BA86BA96BAA6B70
:10E42000AB6BAC6BAD6BAE6BAF6BB06BB16BB26B20
:10E43000020E0501B36FB56BB46B0901B281B46B09
:10E44000010EB36F0001DCEC49F002C003F0015093
:10E45000E16E03C0E2FF090EEA6EB50EE96E0C0E26
:10E46000016EE6CFEEFF012E31EF72F00501B2A191
:10E4700003D0000144EF72F000010901B2B103D0F2
:10E480000001B6EF73F000010501B2B103D0000145
:10E4900053EF72F00001B4C9DDF9B3C9DCF9A7ECA0
:10E4A00014F059EF72F00901DD6BDC6B0001A7EC91
:10E4B00014F00901B2B103D0000168EF72F000015D
:10E4C000B4C9DDF9B3C9DCF9C8EC14F06EEF72F031
:10E4D0000901DD6BDC6B0001C8EC14F0850E006EE9
:10E4E000002EFED70501B2B103D0000108EF73F092
:10E4F00000010901B335026EB435036E02360336EE
:10E50000FC0E02160250B60F016E010E03220150DE
:10E51000C46F03C0C5F9080EEE6F0001CFEC12F016
:10E52000C5C9EAFFC4C9E9FF02C0ECFFED5201C052
:10E53000EFFF0901B335026EB435036E02360336C0
:10E54000FC0E02160250030FC26F000E0320C36FB1
:10E55000020EC225016E000EC321036E0150B30FDF
:10E56000016E010E03220150C26F03C0C3F9010EF8
:10E57000EE6F0001CFEC12F0C3C9EAFFC2C9E9FF98
:10E5800002C0ECFFED5201C0EFFF010E0901B325FF
:10E590000101B46F000E0901B4210101B56F090139
:10E5A000B335026EB435036E02360336FC0E021626
:10E5B0000250030FC26F000E0320C36F020EC2256C
:10E5C000016E000EC321036E0150B30FE96E010E00
:10E5D0000320EA6EECCFC3F9ED52EFCFC2F9C3517D
:10E5E0000101B25DD8B003D0000108EF73F0000163
:10E5F000D8A405EF73F00101B1510901C25DD8A0A3
:10E6000003D0000108EF73F000010501B291000191
:10E610000901B2B103D000019EEF73F000010901BE
:10E62000B335026EB435036E02360336FC0E0216A5
:10E630000250B60F016E050E03220150C46F03C0D5
:10E64000C5F90A0EEE6F0001CFEC12F0C5C9EAFF62
:10E65000C4C9E9FF02C0ECFFED5201C0EFFF0901A0
:10E66000B335026EB435036E02360336FC0E021665
:10E670000250030FC26F000E0320C36F020EC225AB
:10E68000016E000EC321036E0150B30F016E050E23
:10E6900003220150C26F03C0C3F9050EEE6F0001E3
:10E6A000CFEC12F0C3C9EAFFC2C9E9FF02C0ECFF18
:10E6B000ED5201C0EFFF010E0901B3250501B46F52
:10E6C000000E0901B4210501B56F0901B335026ED1
:10E6D000B435036E02360336FC0E02160250030FE9
:10E6E000C26F000E0320C36F020EC225016E000E22
:10E6F000C321036E0150B30FE96E050E0320EA6ECD
:10E70000ECCFC3F9ED52EFCFC2F9C3510101B25DB5
:10E71000D8B003D000019EEF73F00001D8A49BEFA6
:10E7200073F00101B1510901C25DD8A003D000010D
:10E730009EEF73F000010901B29100010901B32BB2
:10E74000D8B4B42BB453D8B403D00001B2EF73F0F3
:10E7500000010901B351FE08D8A003D00001B4EFB5
:10E7600073F00001B6EF73F036EF72F0220EF66E22
:10E77000060EF76E000EF86E090E0A014E6F0001CC
:10E78000F7EC11F0BCC9E8F9370E0901E96F000197
:10E790000FEC13F0BBC9E8F9370E0901E96F00016E
:10E7A0000FEC13F00D0EA6ACD3EF73F00E01F96F62
:10E7B0000A0E0001A6ACDAEF73F00E01F96F340E09
:10E7C000F66E060EF76E000EF86E090E0A014E6F19
:10E7D0000001F7EC11F0BEC9E8F9370E0901E96F45
:10E7E00000010FEC13F0BDC9E8F9370E0901E96F1C
:10E7F00000010FEC13F00D0EA6ACFCEF73F00E0150
:10E80000F96F0A0E0001A6AC03EF74F00E01F96F68
:10E81000460EF66E060EF76E000EF86E0A0E0A0130
:10E820004E6F0001F7EC11F0C0C9E8F9370E09018D
:10E83000E96F00010FEC13F0BFC9E8F9370E0901C9
:10E84000E96F00010FEC13F00D0EA6AC25EF74F08C
:10E850000E01F96F0A0E0001A6AC2CEF74F00E0148
:10E86000F96F580EF66E060EF76E000EF86E030E78
:10E870000A014E6F0001F7EC11F0BAC9E8F9370E42
:10E880000901E96F00010FEC13F0B9C9E8F9370E7F
:10E890000901E96F00010FEC13F00D0EA6AC4EEF6D
:10E8A00074F00E01F96F0A0E0001A6AC55EF74F07A
:10E8B0000E01F96F640EF66E060EF76E000EF86E1E
:10E8C0000001DCEC11F00901C16B00010901B45336
:10E8D000D8B403D0000177EF74F000010901B351FF
:10E8E000C15DD8A003D0000151EF75F000010A010D
:10E8F000536BC1C952FA556B040E546F000191EC71
:10E9000041F002C003F00150B60FE96E010E032082
:10E91000EA6EECCFC5F9ED52EFCFC4F90A01536BA3
:10E92000C1C952FA556B040E546F000191EC41F0CD
:10E9300002C003F00150030F0901C66F000E03204F
:10E94000C76F020EC625016E000EC721036E01506F
:10E95000B30FE96E010E0320EA6EECCFC7F9ED525A
:10E96000EFCFC6F90A01536BC1C952FA556B040EB9
:10E97000546F000191EC41F002C003F00150B60F5A
:10E98000E96E050E0320EA6EECCFCBF9ED52EFCF26
:10E99000CAF90A01536BC1C952FA556B040E546F80
:10E9A000000191EC41F002C003F00150030F090196
:10E9B000CC6F000E0320CD6F020ECC25016E000E31
:10E9C000CD21036E0150B30FE96E050E0320EA6EF0
:10E9D000ECCFCDF9ED52EFCFCCF9C5C9E8F9370E40
:10E9E000E96F00010FEC13F0C4C9E8F9370E090113
:10E9F000E96F00010FEC13F02C0EA6ACFDEF74F0E4
:10EA00000E01F96FC7C9E8F9370E0901E96F000176
:10EA10000FEC13F0C6C9E8F9370E0901E96F0001E0
:10EA20000FEC13F02C0EA6AC13EF75F00E01F96F7E
:10EA3000CBC9E8F9370E0901E96F00010FEC13F0BB
:10EA4000CAC9E8F9370E0901E96F00010FEC13F0AC
:10EA50002C0EA6AC29EF75F00E01F96FCDC9E8F9BF
:10EA6000370E0901E96F00010FEC13F0CCC9E8F98A
:10EA7000370E0901E96F00010FEC13F00D0EA6AC83
:10EA80003FEF75F00E01F96F0A0E0001A6AC46EFDC
:10EA900075F00E01F96F00010901C12B000166EF4D
:10EAA00074F0090E0901C36FB50EC26F010EC56F78
:10EAB000B30EC46F000125EC4AF0090E0901C36FC3
:10EAC000B50EC26F050EC56FB30EC46F000125EC05
:10EAD0004AF0A0EC28F057EF81F001017E51016E61
:10EAE0007F51026E000112000101D16BD26B010E49
:10EAF000D36FDA6AD96A010ED66FC90ED56F0001DD
:10EB0000010EEA6ECD0EE96ED6C1E2FFD5C1E1FF7E
:10EB1000D3C1D4F1D890E550EE02F3500101D123D6
:10EB2000F450D223D42F02D004D0000100018AEF88
:10EB300075F0D1C1DEFFD2C1D1F1D26BD8B0D22BEA
:10EB4000D52BD8B4D62BD32BD3510508D8B403D0AA
:10EB5000000180EF75F000010EEF76F0460EF66EC4
:10EB60001B0EF76E000EF86EDCEC11F0010E0101C9
:10EB7000AF25E96E000EB021EA6EEF50C46BC36F93
:10EB8000C3C1C4F1C36B020EAF25E96E000EB02104
:10EB9000EA6EEF50C311B16FC451B26F060EAF25CC
:10EBA000E96E000EB021EA6EEF50C46BC36FC4C1B2
:10EBB00053FAC3C152FA0A01556B3C0E546F00015F
:10EBC00091EC41F002C0B4F101C0B3F16DEC75F00D
:10EBD0000101B86BB76B02C0B6F101C0B5F1BC6BF7
:10EBE000BB6BBA6BB96BC66BC56BB4C1C4F1B3C1B7
:10EBF000C3F1EACFC8F1E9CFC7F1C6C1CCF1C5C1B5
:10EC0000CBF1C4C1CAF1C3C1C9F1D06BCF6B030E44
:10EC1000CE6FE80ECD6F000174EF75F0C8C1EAFF4A
:10EC2000C7C1E9FF03C0C0F102C0BFF101C0BEF11E
:10EC300000C0BDF10101B551B95DC36FB651BA59FC
:10EC4000C46FB751BB59C56FB851BC59C66FC651D7
:10EC5000C05DD8B003D00001A0EF76F00001D8A4C9
:10EC600053EF76F00101C551BF5DD8B003D000016C
:10EC7000A0EF76F00001D8A453EF76F00101C45163
:10EC8000BE5DD8B003D00001A0EF76F00001D8A49B
:10EC900053EF76F00101BD51C35DD8A003D0000150
:10ECA000A0EF76F000016DEC75F00101BC6BBB6B61
:10ECB00002C0BAF101C0B9F18851B95DC36F895181
:10ECC000BA59C46F8A51BB59C56F8B51BC59C66FB5
:10ECD000C653D8B403D000018CEF76F000010101D7
:10ECE000C553D8B403D000018CEF76F000010101C8
:10ECF000B251C45DD8B003D000019EEF76F00001A0
:10ED0000D8A48CEF76F00101B151C35DD8B003D027
:10ED100000019EEF76F00001BCC18BF1BBC18AF10E
:10ED2000BAC189F1B9C188F10F0E0901EE6F000176
:10ED3000CFEC12F002C0C2F101C0C1F11AEF76F0BF
:10ED40005C0EF66E1B0EF76E000EF86EDCEC11F02A
:10ED50005FEF81F0FC0EF66E140EF76E000EF86E8B
:10ED6000DCEC11F0B0C1C9F1AFC1C8F15CEC3BF013
:10ED7000B0C1E6F1AFC1E5F1A2EC41F002C003F091
:10ED80000150E16E03C0E2FF010EEA6EB10EE96EC2
:10ED90000B0E016EE6CFEEFF012ECAEF76F00101F9
:10EDA000BB6B300EBA6FB9C1E0F1B8C1DFF1BBC1C6
:10EDB000E2F1BAC1E1F1B5C1E4F1B4C1E3F100019E
:10EDC000AEEC4EF00101BC6BBD6BBE6BBF6BC06B9C
:10EDD000C16BC26BC36BC46BC56BC66BC76BBD6BC2
:10EDE000040EBC6F020EBE6FBF911A0EF66E150EAA
:10EDF000F76E000EF86E0001DCEC11F02C0EF66ED2
:10EE0000150EF76E000EF86E0F0E0A014E6F000120
:10EE1000F7EC11F0BCC1E8F9370E0901E96F000108
:10EE20000FEC13F00D0EA6AC13EF77F00E01F96F97
:10EE30000A0E0001A6AC1AEF77F00E01F96F420E30
:10EE4000F66E150EF76E000EF86E0F0E0A014E6F7D
:10EE50000001F7EC11F0BDC1E8F9370E0901E96FC7
:10EE600000010FEC13F00D0EA6AC34EF77F00E019D
:10EE7000F96F0A0E0001A6AC3BEF77F00E01F96FB7
:10EE8000580EF66E150EF76E000EF86E0F0E0A0194
:10EE90004E6F0001F7EC11F0BEC1E8F9370E090121
:10EEA000E96F00010FEC13F00D0EA6AC55EF77F0F3
:10EEB0000E01F96F0A0E0001A6AC5CEF77F00E01AF
:10EEC000F96F000E0101BFB1010EC86F6E0EF66E34
:10EED000150EF76E000EF86E0F0E0A014E6F000150
:10EEE000F7EC11F0C8C1E8F9370E0901E96F00012C
:10EEF0000FEC13F00D0EA6AC7BEF77F00E01F96F5F
:10EF00000A0E0001A6AC82EF77F00E01F96F840EB5
:10EF1000F66E150EF76E000EF86E0F0E0A014E6FAC
:10EF20000001F7EC11F0020E0101C86F0001300E74
:10EF3000A6AC98EF77F00E01F96F0101C82F02D04F
:10EF400004D00001000197EF77F0C0C1E8F9370E57
:10EF50000901E96F00010FEC13F00D0EA6ACAEEF46
:10EF600077F00E01F96F0A0E0001A6ACB5EF77F04D
:10EF70000E01F96F9A0EF66E150EF76E000EF86E12
:10EF80000F0E0A014E6F0001F7EC11F0020E0101A5
:10EF9000C86F0001300EA6ACCBEF77F00E01F96F11
:10EFA0000101C82F02D004D000010001CAEF77F0A0
:10EFB0004EC1E8F9370E0901E96F00010FEC13F0BB
:10EFC0000D0EA6ACE1EF77F00E01F96F0A0E00010D
:10EFD000A6ACE8EF77F00E01F96F010E0101E06FCA
:10EFE000BC0EDF6F00012DEC58F00101BD6B060E69
:10EFF000BC6F020EBE6FBF91B00EF66E150EF76EAF
:10F00000000EF86E0001DCEC11F0C20EF66E150E6B
:10F01000F76E000EF86E0F0E0A014E6F0001F7EC4E
:10F0200011F0BCC1E8F9370E0901E96F00010FECDE
:10F0300013F00D0EA6AC1AEF78F00E01F96F0A0E60
:10F040000001A6AC21EF78F00E01F96FD80EF66E34
:10F05000150EF76E000EF86E0F0E0A014E6F0001CE
:10F06000F7EC11F0BDC1E8F9370E0901E96F0001B5
:10F070000FEC13F00D0EA6AC3BEF78F00E01F96F1C
:10F080000A0E0001A6AC42EF78F00E01F96FEE0E09
:10F09000F66E150EF76E000EF86E0F0E0A014E6F2B
:10F0A0000001F7EC11F0BEC1E8F9370E0901E96F74
:10F0B00000010FEC13F00D0EA6AC5CEF78F00E0122
:10F0C000F96F0A0E0001A6AC63EF78F00E01F96F3C
:10F0D000000E0101BFB1010EC86F040EF66E160ED0
:10F0E000F76E000EF86E0F0E0A014E6F0001F7EC7E
:10F0F00011F0C8C1E8F9370E0901E96F00010FEC02
:10F1000013F00D0EA6AC82EF78F00E01F96F0A0E27
:10F110000001A6AC89EF78F00E01F96F1A0EF66EB9
:10F12000160EF76E000EF86E0F0E0A014E6F0001FC
:10F13000F7EC11F0020E0101C86F0001300EA6AC11
:10F140009FEF78F00E01F96F0101C82F02D004D0B3
:10F15000000100019EEF78F0C0C1E8F9370E090107
:10F16000E96F00010FEC13F00D0EA6ACB5EF78F0CF
:10F170000E01F96F0A0E0001A6ACBCEF78F00E018B
:10F18000F96F300EF66E160EF76E000EF86E0F0E5B
:10F190000A014E6F0001F7EC11F0020E0101C86F79
:10F1A0000001300EA6ACD2EF78F00E01F96F01012C
:10F1B000C82F02D004D000010001D1EF78F062C165
:10F1C000E8F9370E0901E96F00010FEC13F00D0E9D
:10F1D000A6ACE8EF78F00E01F96F0A0E0001A6ACBC
:10F1E000EFEF78F00E01F96F010E0101E06FBC0E38
:10F1F000DF6F00012DEC58F0A0EC28F01DEC19F0A9
:10F20000DAEF81F07DEC1EF003C0CDF102C0CCF14D
:10F2100001C0CBF100C0CAF12E0E53EC49F07BECDB
:10F2200029F00101CE6BCF6BD06BD16BD26BD36B5E
:10F23000D46BD56BD66BD76BD86BD96BDA6BDB6BBA
:10F24000DC6BDD6BDE6BDF6BE06BE16BE26BE36B6A
:10F25000E46BE56BE66BE76BE86BE96BEA6BEB6B1A
:10F26000EC6BED6BEE6BEF6BF06BF16BF26BF36BCA
:10F27000F46BF56BF66BF76BF86BF96BFA6BFB6B7A
:10F28000FC6BFD6BFE6BFF6B0201006B016B026B95
:10F29000036B046B056B066B076B086B096B0A6BE2
:10F2A0000B6B0C6B0D6B0E6B0F6B106B116B126B92
:10F2B000136B146B156B166B176B186B196B1A6B42
:10F2C0001B6B1C6B1D6B1E6B1F6B206B216B226BF2
:10F2D000236B246B256B266B276B286B296B2A6BA2
:10F2E0002B6B2C6B2D6B2E6B2F6B306B316B326B52
:10F2F000336B346B356B366B376B386B396B3A6B02
:10F300003B6B3C6B3D6B3E6B3F6B406B416B426BB1
:10F31000436B446B456B466B476B486B496B4A6B61
:10F320004B6B4C6B4D6B4E6B4F6B506B516B526B11
:10F33000536B546B556B566B576B586B596B5A6BC1
:10F340005B6B5C6B5D6B5E6B5F6B606B616B626B71
:10F35000636B646B656B666B676B686B696B6A6B21
:10F360006B6B6C6B6D6B6E6B6F6B706B716B726BD1
:10F37000736B746B756B766B776B786B796B7A6B81
:10F380007B6B7C6B7D6B7E6B7F6B806B816B826B31
:10F39000836B846B856B866B876B886B896B8A6BE1
:10F3A0008B6B8C6B8D6B8E6B8F6B906B916B926B91
:10F3B000936B946B956B966B976B986B996B9A6B41
:10F3C0009B6B9C6B9D6B9E6B9F6BA06BA16BA26BF1
:10F3D000A36BA46BA56BA66BA76BA86BA96BAA6BA1
:10F3E000AB6BAC6BAD6BAE6BAF6BB06BB16BB26B51
:10F3F000B36BB46BB56BB66BB76BB86BB96BBA6B01
:10F40000BB6BBC6BBD6BBE6BBF6BC06BC16BC26BB0
:10F41000C36BC46BC56BC66BC76BC86BC96BCA6B60
:10F42000CB6BCC6BCD6BCE6BCF6BD06BD16BD26B10
:10F43000D36BD46BD56BD66BD76BD86BD96BDA6BC0
:10F44000DB6BDC6BDD6BDE6BDF6BE06BE16BE26B70
:10F45000E36BE46BE56BE66BE76BE86BE96BEA6B20
:10F46000EB6BEC6BED6BEE6BEF6BF06BF16BF26BD0
:10F47000F36BF46BF56BF66BF76BF86BF96BFA6B80
:10F48000FB6BFC6BFD6BFE6BFF6B0301006B016B99
:10F49000026B036B046B056B066B076B086B096BE8
:10F4A0000A6B0B6B0C6B0D6B0E6B0F6B106B116B98
:10F4B000126B136B146B156B166B176B186B196B48
:10F4C0001A6B1B6B1C6B1D6B1E6B1F6B206B216BF8
:10F4D000226B236B246B256B266B276B286B296BA8
:10F4E0002A6B2B6B2C6B2D6B2E6B2F6B306B316B58
:10F4F000326B336B346B356B366B376B386B396B08
:10F500003A6B3B6B3C6B3D6B3E6B3F6B406B416BB7
:10F51000426B436B446B456B466B476B486B496B67
:10F520004A6B4B6B4C6B4D6B4E6B4F6B506B516B17
:10F53000526B536B546B556B566B576B586B596BC7
:10F540005A6B5B6B5C6B5D6B5E6B5F6B606B616B77
:10F55000626B636B646B656B666B676B686B696B27
:10F560006A6B6B6B6C6B6D6B6E6B6F6B706B716BD7
:10F57000726B736B746B756B766B776B786B796B87
:10F580007A6B7B6B7C6B7D6B7E6B7F6B806B816B37
:10F59000826B836B846B856B866B876B886B896BE7
:10F5A0008A6B8B6B8C6B8D6B8E6B8F6B906B916B97
:10F5B000926B936B946B956B966B976B986B996B47
:10F5C0009A6B9B6B9C6B9D6B9E6B9F6BA06BA16BF7
:10F5D000A26BA36BA46BA56BA66BA76BA86BA96BA7
:10F5E000AA6BAB6BAC6BAD6BAE6BAF6BB06BB16B57
:10F5F000B26BB36BB46BB56BB66BB76BB86BB96B07
:10F60000BA6BBB6BBC6BBD6BBE6BBF6BC06BC16BB6
:10F61000C26BC36BC46BC56BC66BC76BC86BC96B66
:10F62000CA6BCB6BCC6BCD6BCE6BCF6BD06BD16B16
:10F63000D26BD36BD46BD56BD66BD76BD86BD96BC6
:10F64000DA6BDB6BDC6BDD6BDE6BDF6BE06BE16B76
:10F65000E26BE36BE46BE56BE66BE76BE86BE96B26
:10F66000EA6BEB6BEC6BED6BEE6BEF6BF06BF16BD6
:10F67000F26BF36BF46BF56BF66BF76BF86BF96B86
:10F68000FA6BFB6BFC6BFD6BFE6BFF6B0401006B9D
:10F69000016B026B036B046B056B066B076B086BEE
:10F6A000096B0A6B0B6B0C6B0D6B0E6B0F6B106B9E
:10F6B000116B126B136B146B156B166B176B186B4E
:10F6C000196B1A6B1B6B1C6B1D6B1E6B1F6B206BFE
:10F6D000216B226B236B246B256B266B276B286BAE
:10F6E000296B2A6B2B6B2C6B2D6B2E6B2F6B306B5E
:10F6F000316B326B336B346B356B366B376B386B0E
:10F70000396B3A6B3B6B3C6B3D6B3E6B3F6B406BBD
:10F71000416B426B436B446B456B466B476B486B6D
:10F72000496B4A6B4B6B4C6B4D6B4E6B4F6B506B1D
:10F73000516B526B536B546B556B566B576B586BCD
:10F74000596B5A6B5B6B5C6B5D6B5E6B5F6B606B7D
:10F75000616B626B636B646B656B666B676B686B2D
:10F76000696B6A6B6B6B6C6B6D6B6E6B6F6B706BDD
:10F77000716B726B736B746B756B766B776B786B8D
:10F78000796B7A6B7B6B7C6B7D6B7E6B7F6B806B3D
:10F79000816B826B836B846B856B866B876B886BED
:10F7A000896B8A6B8B6B8C6B8D6B8E6B8F6B906B9D
:10F7B000916B926B936B946B956B966B976B986B4D
:10F7C000996B9A6B9B6B9C6B9D6B9E6B9F6BA06BFD
:10F7D000A16BA26BA36BA46BA56BA66BA76BA86BAD
:10F7E000A96BAA6BAB6BAC6BAD6BAE6BAF6BB06B5D
:10F7F000B16BB26BB36BB46BB56BB66BB76BB86B0D
:10F80000B96BBA6BBB6BBC6BBD6BBE6BBF6BC06BBC
:10F81000C16BC26BC36BC46BC56BC66BC76BC86B6C
:10F82000C96BCA6BCB6BCC6BCD6BCE6BCF6BD06B1C
:10F83000D16B010E0101CE6FD06BCF6B0401D18172
:10F84000D36BD26B0901DD6B010EDC6F0001A7ECFD
:10F8500014F0DCEC49F002C003F00150E16E03C08B
:10F86000E2FF040EEA6ED80EE96E0C0E016EE6CFD2
:10F87000EEFF012E37EF7CF00401D1B103D000017F
:10F8800020EF7DF00001D3C4DDF9D2C4DCF9A7EC90
:10F8900014F000D000D00401D1B103D0000108EF72
:10F8A0007DF00001080E0901EE6F0001CFEC12F0AF
:10F8B00002C0D5F401C0D4F4010E0901EE6F0001BD
:10F8C000CFEC12F002C0D7F401C0D6F4D3C453FA7F
:10F8D000D2C452FA0A01556B030E546F000191EC29
:10F8E00041F002C0E5F401C0E4F4D10E0401E425C6
:10F8F000E96E010EE521EA6ED531E96FD431E86F8A
:10F90000E933E833E933E833E933E8330F0EE91735
:10F91000E851006E036A0050EF6ED3C453FAD2C4AC
:10F9200052FA0A01556B030E546F000191EC41F03D
:10F9300002C0E5F401C0E4F4010E0401E427000E66
:10F94000E523D10EE425E96E010EE521EA6ED451DE
:10F950000F0BE86FE96BE837E937E837E937E83745
:10F96000E937E837E937F00EE817D7C4EAF4EB6B6C
:10F97000EA510F0B006E036A0050E811006E03504D
:10F98000E911036E0050EF6ED3C453FAD2C452FA99
:10F990000A01556B030E546F000191EC41F002C057
:10F9A000E5F401C0E4F4020E0401E427000EE523AF
:10F9B000D10EE425E96E010EE521EA6ED651006E06
:10F9C000036A0050EF6E010ED2250101CF6F000EC9
:10F9D0000401D3210101D06F0401D7510101C95D98
:10F9E000D8B003D0000108EF7DF00001D8A403EFE8
:10F9F0007DF00101C8510401D65DD8A003D00001FB
:10FA000008EF7DF000010401D19100011DEC4AF0E6
:10FA10000401D22BD8B4D32BD353D8B403D00001D4
:10FA20001CEF7DF000010401D251FE08D8A003D0E4
:10FA300000011EEF7DF0000120EF7DF03CEF7CF037
:10FA40001DEC4AF0040E0901C36FD80EC26F010EFF
:10FA5000C56FCE0EC46F000125EC4AF01200460EB1
:10FA6000F66E160EF76E000EF86EDCEC11F0B0C1FB
:10FA7000C9F1AFC1C8F15CEC3BF0B0C1E6F1AFC178
:10FA8000E5F1A2EC41F002C003F00150E16E03C0C9
:10FA9000E2FF010EEA6EB10EE96E0B0E016EE6CFCB
:10FAA000EEFF012E4FEF7DF0BBC1C9F1BAC1C8F125
:10FAB00002EC79F00101BC6BBD6BBE6BBF6BC06B20
:10FAC000C16BC26BC36BC46BC56BC66BC76BBD6BC5
:10FAD000040EBC6F020EBE6FBF91620EF66E160E64
:10FAE000F76E000EF86E0001DCEC11F0740EF66E8D
:10FAF000160EF76E000EF86E0F0E0A014E6F000123
:10FB0000F7EC11F0BCC1E8F9370E0901E96F00010B
:10FB10000FEC13F00D0EA6AC8BEF7DF00E01F96F1C
:10FB20000A0E0001A6AC92EF7DF00E01F96F8A0E6D
:10FB3000F66E160EF76E000EF86E0F0E0A014E6F7F
:10FB40000001F7EC11F0BDC1E8F9370E0901E96FCA
:10FB500000010FEC13F00D0EA6ACACEF7DF00E0122
:10FB6000F96F0A0E0001A6ACB3EF7DF00E01F96F3C
:10FB7000A00EF66E160EF76E000EF86E0F0E0A014E
:10FB80004E6F0001F7EC11F0BEC1E8F9370E090124
:10FB9000E96F00010FEC13F00D0EA6ACCDEF7DF078
:10FBA0000E01F96F0A0E0001A6ACD4EF7DF00E0134
:10FBB000F96F000E0101BFB1010EC86FB60EF66EEF
:10FBC000160EF76E000EF86E0F0E0A014E6F000152
:10FBD000F7EC11F0C8C1E8F9370E0901E96F00012F
:10FBE0000FEC13F00D0EA6ACF3EF7DF00E01F96FE4
:10FBF0000A0E0001A6ACFAEF7DF00E01F96FCC0EF3
:10FC0000F66E160EF76E000EF86E0F0E0A014E6FAE
:10FC10000001F7EC11F0020E0101C86F0001300E77
:10FC2000A6AC10EF7EF00E01F96F0101C82F02D0D3
:10FC300004D0000100010FEF7EF0C0C1E8F9370EDB
:10FC40000901E96F00010FEC13F00D0EA6AC26EFD1
:10FC50007EF00E01F96F0A0E0001A6AC2DEF7EF0CA
:10FC60000E01F96FE20EF66E160EF76E000EF86ECC
:10FC70000F0E0A014E6F0001F7EC11F0020E0101A8
:10FC8000C86F0001300EA6AC43EF7EF00E01F96F95
:10FC90000101C82F02D004D00001000142EF7EF024
:10FCA0004EC1E8F9370E0901E96F00010FEC13F0BE
:10FCB0000D0EA6AC59EF7EF00E01F96F0A0E000191
:10FCC000A6AC60EF7EF00E01F96F010E0101E06F4E
:10FCD000BC0EDF6F00012DEC58F0A0EC28F0E6EF31
:10FCE00081F0F80EF66E160EF76E000EF86EDCEC74
:10FCF00011F0B0C1C9F1AFC1C8F15CEC3BF0B0C1CB
:10FD0000E6F1AFC1E5F1A2EC41F002C003F0015011
:10FD1000E16E03C0E2FF010EEA6EB10EE96E0B0E5A
:10FD2000016EE6CFEEFF012E91EF7EF0BBC1C9F16F
:10FD3000BAC1C8F102EC79F00101BC6BBD6BBE6BBE
:10FD4000BF6BC06BC16BC26BC36BC46BC56BC66B47
:10FD5000C76BBD6B060EBC6F020EBE6FBF91140E5B
:10FD6000F66E170EF76E000EF86E0001DCEC11F067
:10FD7000260EF66E170EF76E000EF86E0F0E0A01C5
:10FD80004E6F0001F7EC11F0BCC1E8F9370E090124
:10FD9000E96F00010FEC13F00D0EA6ACCDEF7EF075
:10FDA0000E01F96F0A0E0001A6ACD4EF7EF00E0131
:10FDB000F96F3C0EF66E170EF76E000EF86E0F0E12
:10FDC0000A014E6F0001F7EC11F0BDC1E8F9370EE2
:10FDD0000901E96F00010FEC13F00D0EA6ACEEEF78
:10FDE0007EF00E01F96F0A0E0001A6ACF5EF7EF071
:10FDF0000E01F96F520EF66E170EF76E000EF86ECA
:10FE00000F0E0A014E6F0001F7EC11F0BEC1E8F9C8
:10FE1000370E0901E96F00010FEC13F00D0EA6ACCF
:10FE20000FEF7FF00E01F96F0A0E0001A6AC16EF7E
:10FE30007FF00E01F96F000E0101BFB1010EC86F16
:10FE4000680EF66E170EF76E000EF86E0F0E0A01B2
:10FE50004E6F0001F7EC11F0C8C1E8F9370E090147
:10FE6000E96F00010FEC13F00D0EA6AC35EF7FF03B
:10FE70000E01F96F0A0E0001A6AC3CEF7FF00E01F7
:10FE8000F96F7E0EF66E170EF76E000EF86E0F0EFF
:10FE90000A014E6F0001F7EC11F0020E0101C86F6C
:10FEA0000001300EA6AC52EF7FF00E01F96F010198
:10FEB000C82F02D004D00001000151EF7FF0C0C173
:10FEC000E8F9370E0901E96F00010FEC13F00D0E90
:10FED000A6AC68EF7FF00E01F96F0A0E0001A6AC28
:10FEE0006FEF7FF00E01F96F940EF66E170EF76E3E
:10FEF000000EF86E0F0E0A014E6F0001F7EC11F0C4
:10FF0000020E0101C86F0001300EA6AC85EF7FF034
:10FF10000E01F96F0101C82F02D004D000010001C9
:10FF200084EF7FF062C1E8F9370E0901E96F000143
:10FF30000FEC13F00D0EA6AC9BEF7FF00E01F96FE6
:10FF40000A0E0001A6ACA2EF7FF00E01F96F010EC0
:10FF50000101E06FBC0EDF6F00012DEC58F0A0EC4A
:10FF600028F0F2EF81F001011151105DD8A403D007
:10FF70000001BFEF7FF00001000EC0EF7FF0010E27
:10FF8000016E12005A0EF66E130EF76E000EF86E2A
:10FF9000DCEC11F0700EF66E130EF76E000EF86EBC
:10FFA000DCEC11F0F1EC2CF0020E4C6E030E0101B2
:10FFB0009B25016E000E9C21036E01509D6F03C0B6
:10FFC0009EF19EC1A0F19DC19FF1000100EF80F064
:10FFD000B3EC7FF00152D8B4F2EF7FF0060E4C6E16
:10FFE000F4EF7FF0040E4C6EEAEF98F0A9C185F1B2
:10FFF000A8C184F1A7C183F1A6C182F1D0EF97F027
:020000040001F9
:1000000001019F51E96EA051EA6EEFCFA1F15E0EA2
:10001000F66E120EF76E000EF86E0001DCEC11F0B9
:10002000A40EF66E120EF76E000EF86E0C0E0A019C
:100030004E6F0001F7EC11F0A1C1E8F9370E09018C
:10004000E96F00010FEC13F0B20EF66E120EF76EB0
:10005000000EF86E040E0A014E6F0001F7EC11F06D
:100060000101A151100A0001D8B4B5EF80F0010AD6
:10007000D8B4B7EF80F0030AD8B4B9EF80F0130A10
:10008000D8B4BBEF80F0120AD8B4BDEF80F0930A69
:10009000D8B4BFEF80F0010AD8B4C7EF80F0030AEC
:1000A000D8B4CFEF80F0010AD8B4D7EF80F0070AB8
:1000B000D8B4DFEF80F0010AD8B4E7EF80F0030A8C
:1000C000D8B4EFEF80F0010AD8B4F7EF80F00F0A50
:1000D000D8B4FFEF80F0180AD8B407EF81F0010A16
:1000E000D8B40FEF81F0030AD8B417EF81F0010AFA
:1000F000D8B41FEF81F0070AD8B427EF81F0010AC6
:10010000D8B42FEF81F0030AD8B437EF81F0360A64
:10011000D8B43BEF81F0010AD8B443EF81F0030A71
:10012000D8B44BEF81F0010AD8B453EF81F0070A3D
:10013000D8B455EF81F0010AD8B459EF81F0030A21
:10014000D8B461EF81F0010AD8B4D0EF81F00F0A82
:10015000D8B4DCEF81F0010AD8B4E8EF81F0190AD5
:10016000D8B4F4EF81F0FAEF82F004EF83F004EFFB
:1001700083F004EF83F004EF83F004EF83F0A0C179
:10018000CBF19FC1CAF1ACEC2EF004EF83F0A0C11B
:10019000B0F19FC1AFF11BEF2FF004EF83F0A0C1CE
:1001A000B0F19FC1AFF1E7EF2FF004EF83F0A0C1F2
:1001B000B0F19FC1AFF1B3EF30F004EF83F0A0C115
:1001C000B0F19FC1AFF15DEF32F004EF83F0A0C159
:1001D000B0F19FC1AFF19AEF35F004EF83F0A0C109
:1001E000B0F19FC1AFF1D6EF35F004EF83F0A0C1BD
:1001F000B0F19FC1AFF1D8EF39F004EF83F0A0C1A7
:10020000C9F19FC1C8F15CEC3BF004EF83F0A0C1E1
:10021000B0F19FC1AFF187EF3BF004EF83F0A0C1D5
:10022000B0F19FC1AFF1F5EF3BF004EF83F0A0C157
:10023000B0F19FC1AFF15EEF3DF004EF83F0A0C1DC
:10024000B0F19FC1AFF153EF3EF004EF83F0A0C1D6
:10025000B0F19FC1AFF112EF3FF004EF83F0A0C106
:10026000B0F19FC1AFF11BEF41F004EF83F092ECCE
:100270003DF004EF83F0A0C1B0F19FC1AFF15DEF9D
:1002800059F004EF83F0A0C1B0F19FC1AFF104EFCA
:1002900068F004EF83F0A0C1B0F19FC1AFF175EF3A
:1002A00069F004EF83F004EF83F0E9EF69F004EF05
:1002B00083F0A0C1B0F19FC1AFF1AEEF75F004EFD4
:1002C00083F07BEC29F07FEC29F00901DD6B0A0E4D
:1002D000DC6F0001A7EC14F00901DD6B0A0EDC6F86
:1002E0000001C8EC14F0010E0901EE6F0001CFEC23
:1002F00012F002C0A3F101C0A2F1050E0901EE6FD8
:100300000001CFEC12F002C0A5F101C0A4F1A3C11D
:10031000E8F9370E0901E96F00010FEC13F0A2C1F3
:10032000E8F9370E0901E96F00010FEC13F02C0E0C
:10033000A6AC98EF81F00E01F96FA5C1E8F9370E70
:100340000901E96F00010FEC13F0A4C1E8F9370EC1
:100350000901E96F00010FEC13F00D0EA6ACAEEF32
:1003600081F00E01F96F0A0E0001A6ACB5EF81F025
:100370000E01F96F040E0101AF6F0001FA0E0B01BF
:10038000036F0001C5EC11F00101AF2F02D003D0C3
:1003900000010001F3D7000173EF81F004EF83F057
:1003A0007BEC29F07FEC29F0A0C1B0F19FC1AFF147
:1003B000AAEF76F004EF83F07BEC29F07FEC29F0D4
:1003C000A0C1B0F19FC1AFF12FEF7DF004EF83F03A
:1003D0007BEC29F07FEC29F0A0C1B0F19FC1AFF117
:1003E00071EF7EF004EF83F07DEC1EF003C0A9F105
:1003F00002C0A8F101C0A7F100C0A6F1D892A9C11E
:1004000015F2A8C114F2A7C113F2A6C112F202019B
:10041000196B010E186F510E176F800E166F0001C9
:100420006DEC31F001C0ABF100C0AAF1D882010E31
:10043000EA6EAF0EE96EA9C115F2A8C114F2A7C108
:1004400013F2A6C112F20201196B010E186F510EC0
:10045000176F800E166F00016DEC31F0B2C1B6F16E
:10046000B1C1B5F1B0C1B4F1AFC1B3F1EACFB8F1E8
:10047000E9CFB7F1D892B6C115F2B5C114F2B4C143
:1004800013F2B3C112F20201196B186B0E0E176F43
:10049000100E166F00016DEC31F0B8C1EAFFB7C164
:1004A000E9FF00C0ACF1D882010EEA6EAF0EE96E32
:1004B000A9C115F2A8C114F2A7C113F2A6C112F284
:1004C0000201196B186B0E0E176F100E166F0001DC
:1004D0006DEC31F0B2C1B6F1B1C1B5F1B0C1B4F15A
:1004E000AFC1B3F1EACFB8F1E9CFB7F1D892B6C155
:1004F00015F2B5C114F2B4C113F2B3C112F2020184
:10050000196B186B176B3C0E166F00016DEC31F018
:10051000B8C1EAFFB7C1E9FF00C0ADF1D882010E52
:10052000EA6EAF0EE96EA9C115F2A8C114F2A7C117
:1005300013F2A6C112F20201196B186B176B3C0E75
:10054000166F00016DEC31F0AFC1AEF1B80EF66E72
:10055000120EF76E000EF86E110E0A014E6F0001BA
:10056000F7EC11F0100EE96EABC1EAF1AAC1E9F1A6
:1005700096EC47F0CC0EF66E120EF76E000EF86E8B
:10058000070E0A014E6F0001F7EC11F0ACC14EFAF4
:10059000010E0A014F6F00017EEC49F03A0EA6AC45
:1005A000CFEF82F00E01F96FADC14EFA010E0A01D4
:1005B0004F6F00017EEC49F03A0EA6ACDDEF82F001
:1005C0000E01F96FAEC14EFA010E0A014F6F000124
:1005D0007EEC49F00D0EA6ACEBEF82F00E01F96F48
:1005E0000A0E0001A6ACF2EF82F00E01F96F0001D5
:1005F00004EF83F0E40EF66E120EF76E000EF86E46
:10060000DCEC11F004EF83F0FC0EF66E120EF76EC8
:10061000000EF86EDCEC11F0E8EF7FF08A0EF66E5B
:10062000130EF76E000EF86EDCEC11F09E0EF66EF7
:10063000130EF76E000EF86EDCEC11F002EC58F0C1
:100640004C500608D8A433EF83F0BC0EF66E130EA0
:10065000F76E000EF86EDCEC11F0010E016E37EF54
:1006600083F037EF83F0000E016E37EF83F0F2EF87
:1006700098F001011151105DD8B403D0000152EF80
:1006800083F00001CC0EF66E030EF76E000EF86ECE
:10069000DCEC11F0000E016E000E026E68EF83F0CC
:1006A00068EF83F010C1A1F1010E010110250F0BBD
:1006B000106FA1510C0DF350036A500F016E000E24
:1006C00003220150016E0350026E000168EF83F0B7
:1006D000E8EF95F0E9500101AF6FAEBF03D0000124
:1006E00080EF83F0AF07AF8BAB1FAC1FAD1FAE1F0A
:1006F000AB2BD8B4AC2BD8B4AD2BD8B4AE2B0001F7
:100700003B0E0101B66F9A0EB56FCA0EB46FB36B94
:100710000A0EB16F0001D882010EEA6EAB0EE96ECF
:10072000AEC115F2ADC114F2ACC113F2ABC112F2FD
:10073000B6C119F2B5C118F2B4C117F2B3C116F2BD
:100740006DEC31F001500052D8A4D1EF83F00101DB
:10075000B151010AD8A403D00001D1EF83F0AF5109
:10076000D8A403D00001D5EF83F00F0BB15DD8A45E
:1007700003D00001C2EF83F0D8A003D0000109EF3D
:1007800084F000010101AFAF03D0000109EF84F054
:10079000AFAD03D00001D5EF83F0200E000101EFD3
:1007A00084F0200E0101AF1700010101AFBB03D09F
:1007B0000001EAEF83F0AF9B0050AF6F2D0E0001F8
:1007C000A6ACE0EF83F00E01F96F0101AF51006EAE
:1007D000AF6B0001300E0101AFBB03D0000101EF90
:1007E00084F0AF9B0050AF6F2D0E0001A6ACF6EF6A
:1007F00083F00E01F96F0101AF51006EAF6B300E47
:10080000000100260050A6AC03EF84F00E01F96F42
:100810000001D892B6C115F2B5C114F2B4C113F2F9
:10082000B3C112F20201196B186B176B0A0E166F27
:1008300000016DEC31F003C0B6F102C0B5F101C0AA
:10084000B4F100C0B3F10101B12F02D004D0000116
:1008500000018BEF83F000011200200E020112A9AB
:10086000300E136F11C200F000BE03D0000142EF42
:1008700084F0001E002A00C011F22D0E136F128F9B
:1008800012810001015011C250FA640E0A01516F29
:1008900000015AEC49F000C011F2300E01240201AF
:1008A000146F11C250FA0A0E0A01516F00015AEC7E
:1008B00049F0300E00240201166F300E0124156F2E
:1008C00013C200F00001300E0201145DD8A403D061
:1008D000000171EF84F0128312BF1285000191EFC5
:1008E00084F013C214F2200E0201136F300E155D56
:1008F000D8A403D0000183EF84F0128112BF1283C9
:10090000000191EF84F0D8B403D0020112810001FC
:10091000D8A491EF84F014C215F2200E0201146FD6
:100920000001020112A503D00001A4EF84F012A37C
:1009300003D00001ADEF84F012A103D00001B6EFA7
:1009400084F00001BFEF84F0020113510001A6AC56
:10095000A7EF84F00E01F96F0001020114510001AC
:10096000A6ACB0EF84F00E01F96F00010201155141
:100970000001A6ACB9EF84F00E01F96F000102018D
:1009800016510001A6ACC2EF84F00E01F96F000110
:100990003AEF89F002011A53D8B403D0000184EF72
:1009A00085F00001060E0201226F0001020E020115
:1009B000236F1FC231F220C232F2336B346B3151DC
:1009C000006E016A026A036A00C024F21EC231F29C
:1009D0001FC232F220C233F2346B3151006E016A11
:1009E000026A036A00C025F21D51006E016A026AA4
:1009F000036A00C026F221C227F21BC209FB0B01C9
:100A00000A6B0F0E0C6F890E0B6F0001CFEC15F007
:100A10001BC209FB0B010A6B0F0E0C6F920E0B6FC2
:100A20000001CFEC15F01CC206FB1BC205FB1AC26D
:100A300004FB19C203FB020E0B01086F220E076FA5
:100A40000A6B010E096F000186EC1EF01BC209FB48
:100A5000010E0B010A6F0F0E0C6F890E0B6F000158
:100A6000CFEC15F01BC209FB0B010A6B0F0E0C6FCC
:100A7000920E0B6F0001CFEC15F01BC209FB0B01AE
:100A80000A6B0F0E0C6F890E0B6F0001CFEC15F087
:100A90001BC209FB0B010A6B0F0E0C6F920E0B6F42
:100AA0000001CFEC15F01CC206FB1BC205FB1AC2ED
:100AB00004FB19C203FB020E0B01086F230E076F24
:100AC0000A6B050E096F000186EC1EF0020E006E27
:100AD000002EFED700001BC209FB010E0B010A6F9E
:100AE0000F0E0C6F890E0B6F0001CFEC15F01BC2BF
:100AF00009FB0B010A6B0F0E0C6F920E0B6F0001BE
:100B0000CFEC15F049EF86F002011A2D02D004D087
:100B10000001000149EF86F00001060E0201286F76
:100B20000001120E0201296F20C231F2326B336BC9
:100B3000346B3151006E016A026A036A00C02AF206
:100B40001FC231F220C232F2336B346B3151006E6E
:100B5000016A026A036A00C02BF21EC231F21FC290
:100B600032F220C233F2346B3151006E016A026AF4
:100B7000036A00C02CF21D51006E016A026A036A0A
:100B800000C02DF221C22EF21BC209FB0B010A6B21
:100B90000F0E0C6F890E0B6F0001CFEC15F01BC20E
:100BA00009FB0B010A6B0F0E0C6F920E0B6F00010D
:100BB000CFEC15F01CC206FB1BC205FB1AC204FBDE
:100BC00019C203FB020E0B01086F280E076F0A6B98
:100BD000010E096F000186EC1EF01BC209FB010E1D
:100BE0000B010A6F0F0E0C6F890E0B6F0001CFEC1B
:100BF00015F01BC209FB0B010A6B0F0E0C6F920E56
:100C00000B6F0001CFEC15F01BC209FB0B010A6B47
:100C10000F0E0C6F890E0B6F0001CFEC15F01BC28D
:100C200009FB0B010A6B0F0E0C6F920E0B6F00018C
:100C3000CFEC15F01CC206FB1BC205FB1AC204FB5D
:100C400019C203FB020E0B01086F290E076F0A6B16
:100C5000060E096F000186EC1EF0020E006E002EDB
:100C6000FED700001BC209FB010E0B010A6F0F0E1D
:100C70000C6F890E0B6F0001CFEC15F01BC209FB46
:100C80000B010A6B0F0E0C6F920E0B6F0001CFEC75
:100C900015F002012F6B00011CC206FB1BC205FBF5
:100CA0001AC204FB19C203FBBCEC1FF00150010B7C
:100CB0000108D8A467EF86F0010E0B01036F000155
:100CC000C5EC11F002012F2B00014CEF86F0120051
:100CD0006E0EF66E080EF76E000EF86EDCEC11F07C
:100CE000920EF66E080EF76E000EF86EDCEC11F048
:100CF00015C153F214C152F213C151F212C150F294
:100D000073EC17F00152D8A490EF86F0B60EF66E91
:100D1000080EF76E000EF86EDCEC11F002EF8EF0AC
:100D200019C153F218C152F217C151F216C150F253
:100D300073EC17F00152D8A4A8EF86F0D80EF66E27
:100D4000080EF76E000EF86EDCEC11F002EF8EF07C
:100D50000101A151E96EA251EA6EEF500A0DF35064
:100D60000201116B106F040E1025016E000E11218F
:100D7000036E0150220FE96E010E0320EA6EEFCFE1
:100D8000ABF1ECCFACF1ECCFADF1ECCFAEF1ED527D
:100D9000ED52ED52030E0101A125016E000EA221BC
:100DA000036E0150E96E03C0EAFFEFA003D000011B
:100DB0007BEF87F000010101A151E96EA251EA6EBB
:100DC000EF500C0DF3500201116B106F11C203F0C4
:100DD0001051000173EC00F0006E0900F5CF01F036
:100DE0000900F5CF02F00900F5CF03F003C015F2BA
:100DF00002C014F201C013F200C012F20101A151AD
:100E0000E96EA251EA6EEF500A0DF3500201176B22
:100E1000166F220E1625E96E010E1721EA6EEFCF2E
:100E200000F0ECCF01F0ECCF02F0ECCF03F0ED528C
:100E3000ED52ED520050122701501323025014239B
:100E4000035015230101A151E96EA251EA6EEF5042
:100E50000A0DF3500201196B186F040E1825016E6C
:100E6000000E1921036E0150220FE96E010E0320BE
:100E7000EA6EEFCF00F0ECCF01F0ECCF02F0ECCF58
:100E800003F0ED52ED52ED520050125D0101A36FDF
:100E90000150020113590101A46F025002011459BB
:100EA0000101A56F0350020115590101A66FA1515F
:100EB000E96EA251EA6EEF500A0DF3500201116B78
:100EC000106F040E1025016E000E1121036E0150EB
:100ED000220FE96E010E0320EA6EEFCFA7F1ECCFEF
:100EE000A8F1ECCFA9F1ECCFAAF1ED52ED52ED5201
:100EF0000001B0EF87F0030E0101A125016E000E85
:100F0000A221036E0150E96E03C0EAFFEFB003D0E7
:100F10000001B0EF87F00001040E0101A125E96E88
:100F2000000EA221EA6EEFCFA3F1ECCFA4F1ECCF3B
:100F3000A5F1ECCFA6F1ED52ED52ED52080EA12530
:100F4000E96E000EA221EA6EEFCFA7F1ECCFA8F177
:100F5000ECCFA9F1ECCFAAF1ED52ED52ED52000128
:100F60000101A151E96EA251EA6EEF500C0DF35050
:100F70000201116B106F11C203F01051000173ECEC
:100F800000F0006E0900F5CF01F00900F5CF02F086
:100F90000900F5CF03F003C0BEF102C0BDF101C0EE
:100FA000BCF100C0BBF10101A151E96EA251EA6E92
:100FB000EF500C0DF3500201136B126F040E12254B
:100FC000016E000E1321036E0150000173EC00F05E
:100FD000006E0900F5CF01F00900F5CF02F009001D
:100FE000F5CF03F003C0C2F102C0C1F101C0C0F1EE
:100FF00000C0BFF10101A151E96EA251EA6EEACF32
:1010000011F2E9CF10F2EFCF09FB010E0B010A6FCD
:10101000010E0C6F7A0E0B6F0001CFEC15F011C2B0
:10102000EAFF10C2E9FF0101A151E96EA251EA6E87
:10103000EF50000A0001D8B438EF88F0010AD8B4A4
:1010400059EF88F0030AD8B47AEF88F0010AD8B4CF
:101050009BEF88F0070AD8B4BCEF88F0010AD8B437
:10106000DDEF88F0030AD8B4FEEF88F01FEF89F0B7
:10107000F60EF66E080EF76E000EF86EDCEC11F050
:10108000070E0101B26F280EB16F400EB06FAF6B4B
:10109000070EB66F280EB56F500EB46FB36B070E08
:1010A000BA6F280EB96F5F0EB86FB76900014AEFCB
:1010B00089F0120EF66E090EF76E000EF86EDCEC7B
:1010C00011F0070E0101B26F280EB16F600EB06F04
:1010D000AF6B070EB66F280EB56F700EB46FB36BA3
:1010E000070EBA6F290EB96F6F0EB86FB76900019E
:1010F0004AEF89F0300EF66E090EF76E000EF86EAC
:10110000DCEC11F0070E0101B26F290EB16F700E09
:10111000B06FAF6B070EB66F290EB56F800EB46F50
:10112000B36B070EBA6F330EB96F7F0EB86FB76926
:1011300000014AEF89F04E0EF66E090EF76E000EB2
:10114000F86EDCEC11F0070E0101B26F330EB16FD7
:10115000800EB06FAF6B070EB66F330EB56F900E8B
:10116000B46FB36B070EBA6F3D0EB96F8F0EB86FC9
:10117000B76900014AEF89F06A0EF66E090EF76E44
:10118000000EF86EDCEC11F0070E0101B26F3D0E9F
:10119000B16F900EB06FAF6B070EB66F3D0EB56FAF
:1011A000A00EB46FB36B070EBA6F7D0EB96F9F0EB2
:1011B000B86FB76900014AEF89F0840EF66E090E28
:1011C000F76E000EF86EDCEC11F0070E0101B26F45
:1011D0007D0EB16FA00EB06FAF6B070EB66F7D0EB8
:1011E000B56FB00EB46FB36B070EBA6F870EB96FE1
:1011F000AF0EB86FB76900014AEF89F0A00EF66E26
:10120000090EF76E000EF86EDCEC11F0070E01010E
:10121000B26F870EB16FB00EB06FAF6B070EB66FC7
:10122000870EB56FC00EB46FB36B070EBA6FC70EE3
:10123000B96FBF0EB86FB76900014AEF89F00101BD
:10124000A151E96EA251EA6EEFCF10F2BA0EF66E1E
:10125000090EF76E000EF86E1A0E0A014E6F0001AD
:10126000F7EC11F010C211F2180E0201126F00011A
:101270002DEF84F00D0EA6AC3BEF89F00E01F96F57
:101280000A0E0001A6AC42EF89F00E01F96F0001D1
:1012900002EF8EF0DA0EF66E090EF76E000EF86EA3
:1012A000DCEC11F0EC0EF66E090EF76E000EF86E27
:1012B000DCEC11F0FA0EF66E090EF76E000EF86E09
:1012C000DCEC11F00E0EF66E0A0EF76E000EF86EE4
:1012D000090E0A014E6F0001F7EC11F0BEC1E8F9EA
:1012E000370E0901E96F00010FEC13F0BDC1E8F9F9
:1012F000370E0901E96F00010FEC13F0BCC1E8F9EA
:10130000370E0901E96F00010FEC13F0BBC1E8F9DA
:10131000370E0901E96F00010FEC13F00D0EA6ACBA
:101320008FEF89F00E01F96F0A0E0001A6AC96EF5F
:1013300089F00E01F96F200EF66E0A0EF76E000EA0
:10134000F86E070E0A014E6F0001F7EC11F0C2C1F2
:10135000E8F9370E0901E96F00010FEC13F0C1C184
:10136000E8F9370E0901E96F00010FEC13F0C0C175
:10137000E8F9370E0901E96F00010FEC13F0BFC166
:10138000E8F9370E0901E96F00010FEC13F00D0EBB
:10139000A6ACC8EF89F00E01F96F0A0E0001A6ACE9
:1013A000CFEF89F00E01F96F300EF66E0A0EF76E70
:1013B000000EF86E070E0A014E6F0001F7EC11F0F7
:1013C000A6C1E8F9370E0901E96F00010FEC13F02F
:1013D000A5C1E8F9370E0901E96F00010FEC13F020
:1013E000A4C1E8F9370E0901E96F00010FEC13F011
:1013F000A3C1E8F9370E0901E96F00010FEC13F002
:101400000D0EA6AC01EF8AF00E01F96F0A0E000175
:10141000A6AC08EF8AF00E01F96F400EF66E0A0EC8
:10142000F76E000EF86E080E0A014E6F0001F7EC21
:1014300011F0AAC1E8F9370E0901E96F00010FECBC
:1014400013F0A9C1E8F9370E0901E96F00010FECAB
:1014500013F0A8C1E8F9370E0901E96F00010FEC9C
:1014600013F0A7C1E8F9370E0901E96F00010FEC8D
:1014700013F00D0EA6AC3AEF8AF00E01F96F0A0ECA
:101480000001A6AC41EF8AF00E01F96F500EF66E26
:101490000A0EF76E000EF86E0001DCEC11F0640E1F
:1014A000F66E0A0EF76E000EF86EDCEC11F0740E9C
:1014B000F66E0A0EF76E000EF86EDCEC11F0820E7E
:1014C000F66E0A0EF76E000EF86EDCEC11F0960E5A
:1014D000F66E0A0EF76E000EF86E090E0A014E6FD8
:1014E0000001F7EC11F0B6C1E8F9370E0901E96F18
:1014F00000010FEC13F0B5C1E8F9370E0901E96FEF
:1015000000010FEC13F0B4C1E8F9370E0901E96FDF
:1015100000010FEC13F0B3C1E8F9370E0901E96FD0
:1015200000010FEC13F00D0EA6AC94EF8AF00E0143
:10153000F96F0A0E0001A6AC9BEF8AF00E01F96F5D
:10154000A80EF66E0A0EF76E000EF86E070E0A0170
:101550004E6F0001F7EC11F0BAC1E8F9370E09013E
:10156000E96F00010FEC13F0B9C1E8F9370E09017A
:10157000E96F00010FEC13F0B8C1E8F9370E09016B
:10158000E96F00010FEC13F0B7C1E8F9370E09015C
:10159000E96F00010FEC13F00D0EA6ACCDEF8AF051
:1015A0000E01F96F0A0E0001A6ACD4EF8AF00E010D
:1015B000F96FB80EF66E0A0EF76E000EF86E0001A7
:1015C000DCEC11F0CC0EF66E0A0EF76E000EF86E23
:1015D000DCEC11F0B6C1C6F1B5C1C5F1B4C1C4F1BE
:1015E000B3C1C3F10101C651BA5DD8B003D0000147
:1015F0003BEF8BF00001D8A41FEF8BF00101C55128
:10160000B95DD8B003D000013BEF8BF00001D8A446
:101610001FEF8BF00101C451B85DD8B003D00001B9
:101620003BEF8BF00001D8A41FEF8BF00101B75105
:10163000C35DD8A003D000013BEF8BF0000119C1BE
:1016400093FA18C192FA17C191FA16C190FAC6C15D
:1016500097FAC5C196FAC4C195FAC3C194FA0EECC3
:1016600027F0100E0101C427000EC523000EC6236B
:101670000001F2EF8AF0DE0EF66E0A0EF76E000E33
:10168000F86EDCEC11F0B6C10AF2B5C109F2B4C1D2
:1016900008F2B3C107F2A6C10EF2A5C10DF2A4C1B2
:1016A0000CF2A3C10BF2F60EF66E0A0EF76E000EE8
:1016B000F86EDCEC11F00101A753D8B403D000019F
:1016C0007BEF8BF000010101A853D8B403D00001D7
:1016D0007BEF8BF000010101A953D8B403D00001C6
:1016E0007BEF8BF000010101AA53D8A403D00001C5
:1016F00011EF8DF00001010EEA6EC70EE96E110EBA
:10170000006E026A400E016E14EC12F015C1EEFA82
:1017100014C1EDFA13C1ECFA12C1EBFA0EC2F2FADF
:101720000DC2F1FA0CC2F0FA0BC2EFFA010E0A0177
:10173000F46FC70EF36FF86BF76BF66B400EF56F37
:101740000001D7EC17F0200EA6ACA4EF8BF00E0131
:10175000F96F19C1EEFA18C1EDFA17C1ECFA16C10A
:10176000EBFA0AC2F2FA09C2F1FA08C2F0FA07C2A9
:10177000EFFA010E0A01F46FC70EF36FF66B400E1D
:10178000F56F00010CEC20F02E0EA6ACC5EF8BF02F
:101790000E01F96F0101A151E96EA251EA6EEF50FD
:1017A0000A0DF3500201116B106F040E1025016E2B
:1017B000000E1121036E0150220FE96E010E03206D
:1017C000EA6EEFCF10F2ECCF11F2ECCF12F2ECCFC9
:1017D00013F2ED52ED52ED521353D8B403D0000181
:1017E0000CEF8CF0000102011253D8B403D00001B9
:1017F0000CEF8CF0000102011153D8B403D00001AA
:101800000CEF8CF00001020110513F08D8A003D06A
:10181000000140EF8CF000010101A151E96EA251DD
:10182000EA6EEF500A0DF3500201116B106F040EB7
:101830001025016E000E1121036E0150220FE96E7A
:10184000010E0320EA6E400EEF5C006E000EEC58B5
:10185000016E000EEC58026E000EEC58036EED5255
:10186000ED52ED5200C0EFFF01C0ECFF02C0ECFFF3
:1018700003C0ECFFED52ED52ED520001C9EF8CF0C8
:101880000101A151E96EA251EA6EEF500A0DF35029
:101890000201116B106F040E1025016E000E112154
:1018A000036E0150220FE96E010E0320EA6EEFCFA6
:1018B00000F0ECCF01F0ECCF02F0ECCF03F0ED52F2
:1018C000ED52ED52400ED88000540F6F000101011F
:1018D000A151E96EA251EA6EEF500A0DF3500201D8
:1018E000116B106F040E1025016E000E1121036E96
:1018F0000150220FE96E010E0320EA6EEF6AEC6AD6
:10190000EC6AEC6AED52ED52ED520101A151E96E23
:10191000A251EA6EEF500A0DF3500201116B106FE5
:10192000220E1025E96E010E1121EA6E0F51EF24EF
:10193000006E000EEC20016E000EEC20026E000E18
:10194000EC20036EED52ED52ED5200C0EFFF01C0EE
:10195000ECFF02C0ECFF03C0ECFFED52ED52ED5284
:101960000101A151E96EA251EA6EEF500A0DF35048
:101970000201116B106F080E1025016E000E11216F
:10198000036E0150220FE96E010E0320EA6EEF6A2A
:101990000001400E02010B27000E0C23000E0D2348
:1019A000000E0E23400E0727000E0823000E092309
:1019B000000E0A230101AA53D8B403D00001FBEFA3
:1019C0008CF000010101A953D8B403D00001FBEF52
:1019D0008CF000010101A853D8B403D00001FBEF43
:1019E0008CF000010101A7514008D8A003D00001EC
:1019F00007EF8DF00001400E0101A75F000EA85B0C
:101A0000000EA95B000EAA5B00010DEF8DF0010135
:101A1000AA6BA96BA86BA76B00010EEC58F05BEFEB
:101A20008BF00D0EA6AC12EF8DF00E01F96F0A0EC1
:101A30000001A6AC19EF8DF00E01F96F0A0EF66EDB
:101A40000B0EF76E000EF86E0001DCEC11F019C100
:101A500093FA18C192FA17C191FA16C190FAB2C15D
:101A600097FAB1C196FAB0C195FAAFC194FA0EECEB
:101A700027F0AEC111F20201126B136B146B126BE3
:101A8000136B146B19C11CF218C11BF217C11AF2A7
:101A900016C119F2B2C120F2B1C11FF2B0C11EF2DB
:101AA000AFC11DF211C221F20001CAEC84F0010E97
:101AB0000101AF250201106F000E0101B0210201EA
:101AC000116F000E0101B1210201126F000E010120
:101AD000B2210201136FADC115F2AEC116F2176B40
:101AE000186B166B176B186B19C11CF218C11BF21F
:101AF00017C11AF216C119F213C220F212C21FF254
:101B000011C21EF210C21DF215C221F20001CAEC70
:101B100084F0020E0101AF250201106F000E0101D9
:101B2000B0210201116F000E0101B1210201126FFB
:101B3000000E0101B2210201136FACC115F2ADC15B
:101B400016F2AEC117F2186B166B176B186B19C132
:101B50001CF218C11BF217C11AF216C119F213C2F6
:101B600020F212C21FF211C21EF210C21DF215C2E3
:101B700021F20001CAEC84F0030E0101AF2502013D
:101B8000106F000E0101B0210201116F000E010162
:101B9000B1210201126F000E0101B2210201136F87
:101BA000AEC118F2ADC117F2ACC116F2ABC115F25D
:101BB000166B176B186B19C11CF218C11BF217C1F9
:101BC0001AF216C119F213C220F212C21FF211C288
:101BD0001EF210C21DF215C221F20001CAEC84F0FF
:101BE000A0EC28F0260EF66E0B0EF76E000EF86EC7
:101BF000DCEC11F04C0EF66E0B0EF76E000EF86E6C
:101C0000DCEC11F09FEF96F002010B6B0C6B0D6B8F
:101C10000E6B0F6B106B116B126B0A53D8B403D0A1
:101C2000000125EF8EF00001060E02010E6FAA0ED4
:101C30000D6F0C6B0B6B060E126FAA0E116F0F0E51
:101C4000106F0F690001C3EF8EF002010A2D02D060
:101C500004D00001000140EF8EF00001060E0201E9
:101C60000E6FAA0E0D6F100E0C6F0B6B060E126F1F
:101C7000AB0E116F0F0E106F0F690001C3EF8EF0E6
:101C800002010A510208D8B403D000015BEF8EF0C4
:101C90000001060E02010E6FAA0E0D6F100E0C6FE2
:101CA0000B6B060E126FAB0E116F0F0E106F0F69DC
:101CB0000001C3EF8EF002010A510308D8B403D02B
:101CC000000176EF8EF00001060E02010E6FB50ED8
:101CD0000D6F100E0C6F0B6B060E126FBF0E116F97
:101CE0000F0E106F0F690001C3EF8EF002010A5151
:101CF0000408D8B403D0000190EF8EF00001060E66
:101D000002010E6FBF0E0D6F100E0C6F0B6B060EE7
:101D1000126F11690F0E106F0F690001C3EF8EF083
:101D200002010A510508D8B403D00001AAEF8EF0D1
:101D30000001060E02010E6F0D69100E0C6F0B6B89
:101D4000070E126F090E116F0F0E106F0F69000151
:101D5000C3EF8EF002010A510608D8B403D0000187
:101D6000C3EF8EF00001070E02010E6F090E0D6F1A
:101D7000100E0C6F0B6B070E126F490E116F0F0ECA
:101D8000106F0F6900010B0E016E020E026E120041
:101D9000700EF66E0B0EF76E000EF86EDCEC11F0A6
:101DA0008A0EF66E0B0EF76E000EF86EDCEC11F07C
:101DB0000101A151E96EA251EA6EEFCF03F203C215
:101DC0000AF2000104EC8EF002C003F00150E16E53
:101DD00003C0E2FF010EEA6EE30EE96E080E016E2B
:101DE000E6CFEEFF012EF0EF8EF0040E0101A125EB
:101DF000E96E000EA221EA6EEFCFEBF1ECCFECF131
:101E0000ECCFEDF1ECCFEEF1ED52ED52ED52080ECC
:101E1000A125E96E000EA221EA6EEFCFEFF1ECCF23
:101E2000F0F1ECCFF1F1ECCFF2F1ED52ED52ED52D9
:101E3000EE51E65DD8B003D0000144EF8FF0000111
:101E4000D8A471EF8FF00101ED51E55DD8B003D05A
:101E5000000144EF8FF00001D8A471EF8FF0010171
:101E6000EC51E45DD8B003D0000144EF8FF00001E5
:101E7000D8A471EF8FF00101E351EB5DD8B003D02E
:101E8000000171EF8FF000010101EA51EE5DD8B061
:101E900003D0000103EF90F00001D8A471EF8FF0A0
:101EA0000101E951ED5DD8B003D0000103EF90F0DE
:101EB0000001D8A471EF8FF00101E851EC5DD8B0BA
:101EC00003D0000103EF90F00001D8A471EF8FF070
:101ED0000101E751EB5DD8B003D0000103EF90F0B2
:101EE0000001A20EF66E0B0EF76E000EF86E160EC7
:101EF0000A014E6F0001F7EC11F0EEC1E8F9370E60
:101F00000901E96F00010FEC13F0EDC1E8F9370E9C
:101F10000901E96F00010FEC13F0ECC1E8F9370E8D
:101F20000901E96F00010FEC13F0EBC1E8F9370E7E
:101F30000901E96F00010FEC13F0BD0EF66E0B0EF8
:101F4000F76E000EF86E1D0E0A014E6F0001F7ECE1
:101F500011F0E6C1E8F9370E0901E96F00010FEC55
:101F600013F0E5C1E8F9370E0901E96F00010FEC44
:101F700013F0E4C1E8F9370E0901E96F00010FEC35
:101F800013F0E3C1E8F9370E0901E96F00010FEC26
:101F900013F0DF0EF66E0B0EF76E000EF86E050EE8
:101FA0000A014E6F0001F7EC11F0EAC1E8F9370EB3
:101FB0000901E96F00010FEC13F0E9C1E8F9370EF0
:101FC0000901E96F00010FEC13F0E8C1E8F9370EE1
:101FD0000901E96F00010FEC13F0E7C1E8F9370ED2
:101FE0000901E96F00010FEC13F0E90EF66E0B0E1C
:101FF000F76E000EF86E030E0A014E6F0001F7EC4B
:1020000011F063EF92F00101EB51E75DF36FEC51DA
:10201000E859F46FED51E959F56FEE51EA59F66F51
:10202000F651F25DD8B003D0000180EF90F00001CE
:10203000D8A43CEF90F00101F551F15DD8B003D088
:10204000000180EF90F00001D8A43CEF90F0010176
:10205000F451F05DD8B003D0000180EF90F00001A2
:10206000D8A43CEF90F00101EF51F35DD8A003D06C
:10207000000180EF90F00001EE0EF66E0B0EF76E91
:10208000000EF86E1C0E0A014E6F0001F7EC11F005
:10209000410EE96EF2C109F2F1C108F2F0C107F296
:1020A000EFC106F2DAEC31F00D0EF66E0C0EF76EA3
:1020B000000EF86E040E0A014E6F0001F7EC11F0ED
:1020C000410EE96EF6C109F2F5C108F2F4C107F25A
:1020D000F3C106F2DAEC31F0140EF66E0C0EF76E68
:1020E000000EF86E100E0A014E6F0001F7EC11F0B1
:1020F000F6C1F2F1F5C1F1F1F4C1F0F1F3C1EFF184
:102100000101EF53D8B403D00001AAEF90F0000111
:102110000101F053D8B403D00001AAEF90F0000100
:102120000101F153D8B403D00001AAEF90F00001EF
:102130000101F253D8B403D00001AAEF90F00001DE
:10214000260EF66E0C0EF76E000EF86EDCEC11F03B
:1021500063EF92F0480EF66E0C0EF76E000EF86EFE
:10216000210E0A014E6F0001F7EC11F0EEC1E8F903
:10217000370E0901E96F00010FEC13F0EDC1E8F92A
:10218000370E0901E96F00010FEC13F0ECC1E8F91B
:10219000370E0901E96F00010FEC13F0EBC1E8F90C
:1021A000370E0901E96F00010FEC13F00D0EA6AC1C
:1021B000D7EF90F00E01F96F0A0E0001A6ACDEEF2A
:1021C00090F00E01F96F700EF66E0C0EF76E000EA9
:1021D000F86E210E0A014E6F0001F7EC11F0410E6E
:1021E000E96EF2C109F2F1C108F2F0C107F2EFC1E4
:1021F00006F2DAEC31F0940EF66E0C0EF76E000E6D
:10220000F86E040E0A014E6F0001F7EC11F0F2C1F6
:10221000E8F9570E0901E96F00010FEC13F0F1C165
:10222000E8F9570E0901E96F00010FEC13F0F0C156
:10223000E8F9570E0901E96F00010FEC13F0EFC147
:10224000E8F9570E0901E96F00010FEC13F09B0E3E
:10225000F66E0C0EF76E000EF86E050E0A014E6F4C
:102260000001F7EC11F019C153F218C152F217C175
:1022700051F216C150F273EC17F00152D8A449EF95
:1022800091F0A20EF66E0C0EF76E000EF86EDCECFE
:1022900011F0C00EF66E0C0EF76E000EF86EDCEC50
:1022A00011F00101EF51EB25F76FF051EC21F86FC0
:1022B000F151ED21F96FF251EE21FA6FEEC1FEF10D
:1022C000EDC1FDF1ECC1FCF1EBC1FBF1000101013D
:1022D000FE51FA5DD8B003D0000153EF92F0000137
:1022E000D8A494EF91F00101FD51F95DD8B003D06D
:1022F000000153EF92F00001D8A494EF91F0010196
:10230000FC51F85DD8B003D0000153EF92F000010A
:10231000D8A494EF91F00101F751FB5DD8A003D050
:10232000000153EF92F000010101FB51F75D020142
:10233000036F0101FC51F8590201046F0101FD51C5
:10234000F9590201056F0101FE51FA590201066FA8
:102350000653D8B403D00001C8EF91F00001020188
:102360000553D8B403D00001C8EF91F00001020179
:102370000453D8B403D00001C8EF91F0000102016A
:1023800003513F08D8A003D00001CCEF91F0000129
:10239000036A400EDDEF91F00101FB51F75D006E25
:1023A000FC51F859016EFD51F959026EFE51FA596E
:1023B000036E01C003F0005000010101FF6F03C074
:1023C00000F2000119C1EEFA18C1EDFA17C1ECFADA
:1023D00016C1EBFAFEC1F2FAFDC1F1FAFCC1F0FA46
:1023E000FBC1EFFA010E0A01F46FA30EF36FF86B55
:1023F000F76B00C2F6FAFFC1F5FA0001D7EC17F04F
:102400000201026B016B000102010251005DD8B0B4
:1024100003D0000139EF92F00001D8A41AEF92F036
:102420000101FF510201015DD8A003D0000139EF85
:1024300092F00001A30E02010125E96E010E0221B6
:10244000EA6EEFCF03F203C2E8F9370E0901E96F34
:1024500000010FEC13F0200EA6AC2CEF92F00E0151
:10246000F96F00010201012BD8B4022B000104EF27
:1024700092F00D0EA6AC3AEF92F00E01F96F0A0E33
:102480000001A6AC41EF92F00E01F96F0001400E81
:102490000101FB27000EFC23000EFD23000EFE238E
:1024A000000167EF91F0D80EF66E0C0EF76E000E7D
:1024B000F86EDCEC11F0F00EF66E0C0EF76E000EFE
:1024C000F86EDCEC11F0A7EF96F00A0EF66E0D0E2A
:1024D000F76E000EF86EDCEC11F0240EF66E0D0EA9
:1024E000F76E000EF86EDCEC11F00101A151E96EFF
:1024F000A251EA6EEFCFBBF1BBC10AF2000104ECBE
:102500008EF002C003F00150E16E03C0E2FF010E45
:10251000EA6EA30EE96E080E016EE6CFEEFF012E05
:102520008DEF92F0040E0101A125E96E000EA221AB
:10253000EA6EEFCFABF1ECCFACF1ECCFADF1ECCF7D
:10254000AEF1ED52ED52ED52080EA125E96E000EEE
:10255000A221EA6EEFCFAFF1ECCFB0F1ECCFB1F149
:10256000ECCFB2F1ED52ED52ED523E0EF66E0D0E85
:10257000F76E000EF86E180E0A014E6F0001F7ECB0
:1025800011F0AEC1E8F9370E0901E96F00010FEC57
:1025900013F0ADC1E8F9370E0901E96F00010FEC46
:1025A00013F0ACC1E8F9370E0901E96F00010FEC37
:1025B00013F0ABC1E8F9370E0901E96F00010FEC28
:1025C00013F00D0EA6ACE2EF92F00E01F96F0A0EB9
:1025D0000001A6ACE9EF92F00E01F96F5C0EF66E09
:1025E0000D0EF76E000EF86E180E0A014E6F000108
:1025F000F7EC11F0410EE96EB2C109F2B1C108F277
:10260000B0C107F2AFC106F2DAEC31F0770EF66E28
:102610000D0EF76E000EF86E040E0A014E6F0001EB
:10262000F7EC11F0B2C1E8F9570E0901E96F0001AA
:102630000FEC13F0B1C1E8F9570E0901E96F000181
:102640000FEC13F0B0C1E8F9570E0901E96F000172
:102650000FEC13F0AFC1E8F9570E0901E96F000163
:102660000FEC13F07E0EF66E0D0EF76E000EF86E88
:10267000050E0A014E6F0001F7EC11F019C153F27B
:1026800018C152F217C151F216C150F273EC17F093
:102690000152D8A456EF93F0840EF66E0D0EF76E2D
:1026A000000EF86EDCEC11F0A4EF95F00101AE51D4
:1026B000A65DD8B003D0000183EF93F00001D8A449
:1026C000B0EF93F00101AD51A55DD8B003D000018A
:1026D00083EF93F00001D8A4B0EF93F00101AC5167
:1026E000A45DD8B003D0000183EF93F00001D8A41B
:1026F000B0EF93F00101A351AB5DD8B003D000015E
:10270000B0EF93F000010101AA51AE5DD8B003D043
:10271000000142EF94F00001D8A4B0EF93F0010162
:10272000A951AD5DD8B003D0000142EF94F0000193
:10273000D8A4B0EF93F00101A851AC5DD8B003D09C
:10274000000142EF94F00001D8A4B0EF93F0010132
:10275000A751AB5DD8B003D0000142EF94F0000167
:10276000A20EF66E0D0EF76E000EF86E1E0E0A012A
:102770004E6F0001F7EC11F0AEC1E8F9370E090118
:10278000E96F00010FEC13F0ADC1E8F9370E090154
:10279000E96F00010FEC13F0ACC1E8F9370E090145
:1027A000E96F00010FEC13F0ABC1E8F9370E090136
:1027B000E96F00010FEC13F0C30EF66E0D0EF76E0D
:1027C000000EF86E1D0E0A014E6F0001F7EC11F0BD
:1027D000A6C1E8F9370E0901E96F00010FEC13F00B
:1027E000A5C1E8F9370E0901E96F00010FEC13F0FC
:1027F000A4C1E8F9370E0901E96F00010FEC13F0ED
:10280000A3C1E8F9370E0901E96F00010FEC13F0DD
:10281000E30EF66E0D0EF76E000EF86E050E0A0151
:102820004E6F0001F7EC11F0AAC1E8F9370E09016B
:10283000E96F00010FEC13F0A9C1E8F9370E0901A7
:10284000E96F00010FEC13F0A8C1E8F9370E090198
:10285000E96F00010FEC13F0A7C1E8F9370E090189
:10286000E96F00010FEC13F0EB0EF66E0D0EF76E34
:10287000000EF86E030E0A014E6F0001F7EC11F026
:10288000A4EF95F00101AF51AB25BB6FB051AC2166
:10289000BC6FB151AD21BD6FB251AE21BE6FAA5117
:1028A000BE5DD8B003D00001CBEF94F00001D8A4F6
:1028B0007BEF94F00101A951BD5DD8B003D00001B8
:1028C000CBEF94F00001D8A47BEF94F00101A85164
:1028D000BC5DD8B003D00001CBEF94F00001D8A4C8
:1028E0007BEF94F00101BB51A75DD8A003D000019C
:1028F000CBEF94F00001F00EF66E0D0EF76E000EA9
:10290000F86E3A0E0A014E6F0001F7EC11F0AAC101
:10291000E8F9370E0901E96F00010FEC13F0A9C1C6
:10292000E8F9370E0901E96F00010FEC13F0A8C1B7
:10293000E8F9370E0901E96F00010FEC13F0A7C1A8
:10294000E8F9370E0901E96F00010FEC13F00D0EE5
:10295000A6ACA8EF94F00E01F96F0A0E0001A6AC28
:10296000AFEF94F00E01F96F300EF66E0E0EF76EAB
:10297000000EF86E0001DCEC11F00101AB51A75D17
:10298000AF6FAC51A859B06FAD51A959B16FAE51ED
:10299000AA59B26F0001640EF66E0E0EF76E000EAD
:1029A000F86EDCEC11F00101AF51AB25B36FB05103
:1029B000AC21B46FB151AD21B56FB251AE21B66F3C
:1029C000B76BAC51F00BB86FB96BBA6B000101017A
:1029D000BA51B65DD8B003D000015DEF95F00001AB
:1029E000D8A414EF95F00101B951B55DD8B003D06A
:1029F00000015DEF95F00001D8A414EF95F00101FE
:102A0000B851B45DD8B003D000015DEF95F000017E
:102A1000D8A414EF95F00101B351B75DD8A003D04D
:102A200000015DEF95F000010101BA51AA5DD8B037
:102A300003D000015DEF95F00001D8A441EF95F0BF
:102A40000101B951A95DD8B003D000015DEF95F047
:102A50000001D8A441EF95F00101B851A85DD8B0AC
:102A600003D000015DEF95F00001D8A441EF95F08F
:102A70000101A751B75DD8A003D000015DEF95F02B
:102A8000000119C193FA18C192FA17C191FA16C13F
:102A900090FABAC197FAB9C196FAB8C195FAB7C116
:102AA00094FA0EEC27F0100E0101B827000EB9239E
:102AB000000EBA230001E7EF94F0006A0101AC5167
:102AC000F00B016E026A036A0050B75DBB6F0150E4
:102AD000B859BC6F0250B959BD6F0350BA59BE6F97
:102AE000960EF66E0E0EF76E000EF86E070E0A01C9
:102AF0004E6F0001F7EC11F0410EE96EBEC109F214
:102B0000BDC108F2BCC107F2BBC106F2DAEC31F07C
:102B1000A00EF66E0E0EF76E000EF86E120E0A0183
:102B20004E6F0001F7EC11F0B40EF66E0E0EF76E5C
:102B3000000EF86EDCEC11F0CE0EF66E0E0EF76E97
:102B4000000EF86EDCEC11F0AFEF96F0D80EF66EDA
:102B5000130EF76E000EF86EDCEC11F0F20EF66E4E
:102B6000130EF76E000EF86EDCEC11F0F1EC2CF0A9
:102B7000030E01019B25E96E000E9C21EA6EEF2CED
:102B800002D004D000010001C9EF95F00001D3EF9D
:102B900095F0120EF66E140EF76E000EF86EDCEC69
:102BA00011F056EF97F0200EF66E140EF76E000E31
:102BB000F86EDCEC11F0050E4C6E01019D6B00010E
:102BC000B3EC7FF00152D8A432EF97F039EF83F0E5
:102BD00002C09FF101C09EF1010E01019E25E96E28
:102BE000000E9F21EA6EEFCFA1F19E51E96E9F5139
:102BF000EA6EEFCFA2F1080E9E25E96E000E9F212E
:102C0000EA6EEFCFA3F1ECCFA4F1ECCFA5F1ECCFBE
:102C1000A6F1ED52ED52ED52040E9E25E96E000E26
:102C20009F21EA6EEFCFA7F1ECCFA8F1ECCFA9F18D
:102C3000ECCFAAF1ED52ED52ED52300EF66E140EBD
:102C4000F76E000EF86E140E0A014E6F0001F7ECDD
:102C500011F0A1C14EFA1B0E0A014F6F00017EEC6C
:102C600049F0460EF66E140EF76E000EF86E090E61
:102C70000A014E6F0001F7EC11F0A2C14EFA1B0ED3
:102C80000A014F6F00017EEC49F0510EF66E140EF2
:102C9000F76E000EF86E060E0A014E6F0001F7EC9B
:102CA00011F0410EE96EA6C1AEF1A5C1ADF1A4C10E
:102CB000ACF1A3C1ABF16AEC83F05A0EF66E140EC0
:102CC000F76E000EF86E060E0A014E6F0001F7EC6B
:102CD00011F0410EE96EAAC1AEF1A9C1ADF1A8C1D2
:102CE000ACF1A7C1ABF16AEC83F00D0EA6AC76EFA8
:102CF00096F00E01F96F0A0E0001A6AC7DEF96F07A
:102D00000E01F96F010E01019E25E96E000E9F2153
:102D1000EA6EEF50000A0001D8B499EF96F0010A6C
:102D2000D8B4A1EF96F0030AD8B4A9EF96F0B1EFAA
:102D300096F09FC1A2F19EC1A1F168EF86F0DEEF8F
:102D400096F09FC1A2F19EC1A1F1C8EF8EF0DEEF17
:102D500096F09FC1A2F19EC1A1F165EF92F0DEEF66
:102D600096F0010E01019E25E96E000E9F21EA6E8C
:102D7000EFCFA1F1660EF66E140EF76E000EF86E30
:102D8000170E0A014E6F0001F7EC11F0A1C14EFAC7
:102D90001B0E0A014F6F00017EEC49F00D0EA6AC30
:102DA000CFEF96F00E01F96F0A0E0001A6ACD6EF38
:102DB00096F00E01F96F0001DEEF96F001019D2BF8
:102DC0009E51E96E9F51EA6EEF50000A0001D8B49F
:102DD00004EF97F0010AD8B40AEF97F0030AD8B4C9
:102DE00010EF97F0010AD8B416EF97F0070AD8B49D
:102DF0001CEF97F0010AD8B422EF97F0030AD8B479
:102E000028EF97F02EEF97F0C00E0101A06F0001A0
:102E100030EF97F0C10E0101A06F000130EF97F085
:102E2000C20E0101A06F000130EF97F0C30E010147
:102E3000A06F000130EF97F0C40E0101A06F0001F8
:102E400030EF97F0C50E0101A06F000130EF97F051
:102E5000C60E0101A06F000130EF97F030EF97F040
:102E6000E0EF95F0820EF66E140EF76E000EF86E1F
:102E70000F0E0A014E6F0001F7EC11F09DC14EFAE2
:102E80001B0E0A014F6F00017EEC49F0930EF66EA7
:102E9000140EF76E000EF86E0D0E0A014E6F000153
:102EA000F7EC11F0C00E4D6E060E4C6E02EF99F06D
:102EB000A20EF66E140EF76E000EF86EDCEC11F03A
:102EC000B60EF66E140EF76E000EF86EDCEC11F016
:102ED000F1EC2CF0030E01019B25E96E000E9C2104
:102EE000EA6EEF50A96BA86BA76BA66FA6C1A9F1FC
:102EF000A66BA76BA86B040E9B25E96E000E9C21A8
:102F0000EA6EEF50AE6BAD6BAC6BAB6FACC103F068
:102F1000ABC102F0006A016A0050A6130150A7136A
:102F20000250A8130350A913050E9B25E96E000E4D
:102F30009C21EA6EEF50AE6BAD6BAC6BAB6FADC16D
:102F400003F0ACC102F0ABC101F0006A0050A6135F
:102F50000150A7130250A8130350A913060E9B2576
:102F6000E96E000E9C21EA6EEF50006E016A026A63
:102F7000036A0050A6119D6F0150A7119E6F025069
:102F8000A8119F6F0350A911A06FA0C1A9F19FC103
:102F9000A8F19EC1A7F19DC1A6F10001F6EF7FF057
:102FA000D892A0C115F29FC114F29EC113F29DC127
:102FB00012F20201196B010E186F510E176F800E7D
:102FC000166F00016DEC31F001C0A2F100C0A1F15B
:102FD000D882010EEA6EA60EE96EA0C115F29FC15D
:102FE00014F29EC113F29DC112F20201196B010E7F
:102FF000186F510E176F800E166F00016DEC31F0D7
:10300000A9C1ADF1A8C1ACF1A7C1ABF1A6C1AAF1AC
:10301000EACFAFF1E9CFAEF1D892ADC115F2ACC1B4
:1030200014F2ABC113F2AAC112F20201196B186BB0
:103030000E0E176F100E166F00016DEC31F0AFC160
:10304000EAFFAEC1E9FF00C0A3F1D882010EEA6E2B
:10305000A60EE96EA0C115F29FC114F29EC113F233
:103060009DC112F20201196B186B0E0E176F100E34
:10307000166F00016DEC31F0A9C1ADF1A8C1ACF142
:10308000A7C1ABF1A6C1AAF1EACFAFF1E9CFAEF18A
:10309000D892ADC115F2ACC114F2ABC113F2AAC102
:1030A00012F20201196B186B176B3C0E166F0001C0
:1030B0006DEC31F0AFC1EAFFAEC1E9FF00C0A4F191
:1030C000D882010EEA6EA60EE96EA0C115F29FC16C
:1030D00014F29EC113F29DC112F20201196B186B1A
:1030E000176B3C0E166F00016DEC31F0A6C1A5F117
:1030F000D00EF66E140EF76E000EF86E110E0A0169
:103100004E6F0001F7EC11F0100EE96EA2C1EAF16A
:10311000A1C1E9F196EC47F0E40EF66E140EF76EDD
:10312000000EF86E070E0A014E6F0001F7EC11F069
:10313000A3C14EFA010E0A014F6F00017EEC49F067
:103140003A0EA6ACA1EF98F00E01F96FA4C14EFAA9
:10315000010E0A014F6F00017EEC49F03A0EA6AC59
:10316000AFEF98F00E01F96FA5C14EFA010E0A01FA
:103170004F6F00017EEC49F00D0EA6ACBDEF98F04C
:103180000E01F96F0A0E0001A6ACC4EF98F00E0113
:10319000F96F00010AEF99F0420EF66E130EF76E0A
:1031A000000EF86EDCEC11F001019951E96E9A51B4
:1031B000EA6EEF50FC0FD8A003D000010CEF99F09D
:1031C000040F000110EF99F09AC19CF199C19BF195
:1031D000C2EF7FF00CEF99F09AC19CF199C19BF17D
:1031E0000EEF83F00152D8B4FAEF98F0010E016EA1
:1031F0000EEF99F00CEF99F09AC19CF199C19BF1F7
:10320000A6EF95F00CEF99F09AC19CF199C19BF152
:1032100058EF97F00CEF99F0000E016E84EF9BF0E1
:10322000E824F76AF736410FF66E320EF722010EE8
:10323000F86EFB6E0A00F550FA6E0800F550F96E54
:10324000C831D831F8310832F86AF1949F90A99AC0
:10325000D08E078E0E01550E7E6EAA0E7E6E669C77
:10326000F90E2C6FF60E2D6F0F0E2E6F400E126F93
:10327000300E136F200E226F300E246F550E7E6EAF
:10328000AA0E7E6E668C9B6A646A656A666A020E26
:10329000D36E1B6A0F012D87A00E2B6F010E2C6FB2
:1032A000A60E2E6F900E2F6F0E01FD87A00EFB6FE6
:1032B000010EFC6FA60EFE6F900EFF6F9282929031
:1032C000929689969680969C96928D929388939AE0
:1032D00093948A849598959A8C8A1F6A1E6A1D6AAF
:1032E0001C6A236A226A216A206A276A266A256A7A
:1032F000246A296A286A4A6A4B901E0E01017C6F73
:10330000816B806B7F6B7E6B856B846B836B826B59
:10331000876B866B0E01D96BDA6BCE6BCF6BD06B84
:10332000D16BD26BD36BD46BD56B456B466B476B54
:103330008D9F8D9D8D9B0F01536B386B376B0001FB
:103340002A6A2B6A2C6A2D6A2E6A2F6A306A316AC1
:10335000326A336A346A356A366A376A386A396A71
:103360003A6A3B6A3C6A3D6A3E6A3F6A406A416A21
:10337000426A436A446A456A466A476A486A496AD1
:10338000030E4C6E4D6A4E6A4F6A506A516A526A19
:10339000536A546A556A566A576A586A596A5A6A29
:1033A0005B6A5C6A5D6A5E6A5F6A606B616B626BD6
:1033B000636B646B656B666B676B686B696B6A6B81
:1033C0006B6B6C6B6D6B6E6B6F6B706B716B726B31
:1033D000736B746B756B766B776B786B796B7A6BE1
:1033E0007B6B7C6B7D6B7E6B7F6B806B816B826B91
:1033F000836B846B856B866B876B886B896B8A6B41
:103400008B6B8C6B8D6B8E6B8F6B906B916B926BF0
:10341000936B946B956B966B976B986B996B9A6BA0
:103420009B6B9C6B9D6B9E6B9F6BA06BA16BA26B50
:10343000A36BA46BA56BA66BA76BA86BA96BAA6B00
:10344000AB6BAC6BAD6BAE6BAF6BB06BB16BB26BB0
:10345000B36BB46BB56BB66BB76BB86BB96BBA6B60
:10346000BB6BBC6BBD6BBE6BBF6BC06BC16BC26B10
:10347000C36BC46BC56BC66BC76BC86BC96BCA6BC0
:10348000CB6BCC6BCD6BCE6BCF6BD06BD16BD26B70
:10349000D36BD46BD56BD66BD76BD86BD96BDA6B20
:1034A000DB6BDC6BDD6BDE6BDF6BE06BE16BE26BD0
:1034B000E36BE46BE56BE66BE76BE86BE96BEA6B80
:1034C000EB6BEC6BED6BEE6BEF6BF06BF16BF26B30
:1034D000F36BF46BF56BF66BF76BF86BF96BFA6BE0
:1034E000FB6BFC6BFD6BFE6BFF6B0101006B016BFB
:1034F000026B036B046B056B066B076B086B096B48
:103500000A6B0B6B0C6B0D6B0E6B0F6B106B116BF7
:10351000126B136B300E146F7C0E156F010E166F4D
:10352000010E176F020E186F7C0E196F1A6B090EC1
:103530001B6F010E1C6F1D6B020E1E6F010E1F6FA5
:10354000030E206F040E216F010E696F220E686F4B
:10355000010E6B6F2C0E6A6F010E6D6F360E6C6F65
:10356000010E6F6F400E6E6F010E716F4A0E706F1D
:10357000010E736F540E726F010E756F5E0E746FD5
:10358000886B896B8A6B8B6B0001640E0B01036F78
:103590000001C5EC11F04A0EF66E220EF76E000E19
:1035A000F86EDCEC11F0900EF66E220EF76E000E47
:1035B000F86EDCEC11F0BE0EF66E220EF76E000E09
:1035C000F86E100E0A014E6F0001F7EC11F0E40ED8
:1035D000F66E220EF76E000EF86EDCEC11F0200E87
:1035E000A6ACF0EF9AF00E01F96FEE0EF66E220E19
:1035F000F76E000EF86E0001DCEC11F0D30EF66EE3
:10360000220EF76E000EF86E0F0E0A014E6F0001CB
:10361000F7EC11F0010EEA6E7A0EE96E006A026AAA
:10362000020E016E14EC12F026EF12F03BEF12F0D6
:103630004DEF13F0E9EF14F021EC1DF002010F6BD8
:10364000106B0001E7EC28F001018C91F80EF66E8A
:10365000220EF76E000EF86E0001DCEC11F07BEC30
:1036600029F07FEC29F00901DD6BDC6B0001A7EC90
:1036700014F00901DD6BDC6B0001C8EC14F0010EE5
:103680000101996F000183EF29F01E0EF66E230EE3
:10369000F76E000EF86EDCEC11F04A52D8B4A0EFD1
:1036A0009BF00101A06B2A0E9F6F4AC0A1F100019F
:1036B00021EF2BF002C003F00150E16E03C0E2FFE6
:1036C000010EEA6E8D0EE96E0C0E016EE6CFEEFF76
:1036D000012E66EF9BF00201116B2A0E106F136B27
:1036E0004A0E126F000122EC2CF001018FB103D0C1
:1036F0000001A0EF9BF00001010E01019A6F8D0EF9
:10370000996F0001CCEF98F001018C9101B08C8190
:103710008CB103D0000198EF9BF000013C0EF66ED7
:10372000230EF76E000EF86EDCEC11F0A0EF9BF0AC
:103730005E0EF66E230EF76E000EF86EDCEC11F0E6
:10374000020E0101996F0001FA0E0B01036F0001D7
:10375000C5EC11F00101992F02D003D00001000146
:10376000F3D72E0E0001A6ACB3EF9BF00E01F96F5C
:1037700000014DEF9BF07E0EF66E230EF76E000EED
:08378000F86EDCEC11F003000F
:10FFF000A0F682FF32F0FFF703FFFFFC1DF0F8F3DD
:00000001FF
;PIC18F67J94
;CRC=3135  CREATED="27-2-26 15:25"
